Unnamed: 0,Ajia-0_v,Ajia-2_v,Ajia-1_v,Ajia-4_v,Ajia-3_v,Ajia-5_v,csvTime,status,check_current_presence,Operational_Status,ajia_0_v_extremes,date
8813,error,error,error,error,-1.0,-1.0,2024-05-25 07:22:49,False,False,未工作,0,2024-05-25
8814,error,error,error,error,-1.0,-1.0,2024-05-25 07:23:49,False,False,未工作,0,2024-05-25
8815,error,error,error,error,-1.0,-1.0,2024-05-25 07:24:49,False,False,未工作,0,2024-05-25
8816,error,error,error,error,-1.0,-1.0,2024-05-25 07:25:49,False,False,未工作,0,2024-05-25
8817,error,error,error,error,-1.0,-1.0,2024-05-25 07:26:49,False,False,未工作,0,2024-05-25
8818,error,error,error,error,-1.0,-1.0,2024-05-25 07:27:49,False,False,未工作,0,2024-05-25
8819,error,error,error,error,-1.0,-1.0,2024-05-25 07:28:49,False,False,未工作,0,2024-05-25
8820,error,error,error,error,-1.0,-1.0,2024-05-25 07:29:49,False,False,未工作,0,2024-05-25
8821,error,error,error,error,-1.0,-1.0,2024-05-25 07:30:49,False,False,未工作,0,2024-05-25
8822,error,error,error,error,-1.0,-1.0,2024-05-25 07:31:49,False,False,未工作,0,2024-05-25
8823,error,error,error,error,-1.0,-1.0,2024-05-25 07:32:49,False,False,未工作,0,2024-05-25
8824,error,error,error,error,-1.0,-1.0,2024-05-25 07:33:49,False,False,未工作,0,2024-05-25
8825,error,error,error,error,-1.0,-1.0,2024-05-25 07:34:49,False,False,未工作,0,2024-05-25
8826,error,error,error,error,-1.0,-1.0,2024-05-25 07:35:49,False,False,未工作,0,2024-05-25
8827,error,error,error,error,-1.0,-1.0,2024-05-25 07:36:49,False,False,未工作,0,2024-05-25
8828,error,error,error,error,-1.0,-1.0,2024-05-25 07:37:49,False,False,未工作,0,2024-05-25
8829,error,error,error,error,-1.0,-1.0,2024-05-25 07:38:49,False,False,未工作,0,2024-05-25
8830,error,error,error,error,-1.0,-1.0,2024-05-25 07:39:49,False,False,未工作,0,2024-05-25
8831,error,error,error,error,-1.0,-1.0,2024-05-25 07:40:49,False,False,未工作,0,2024-05-25
8832,error,error,error,error,-1.0,-1.0,2024-05-25 07:41:49,False,False,未工作,0,2024-05-25
8833,error,error,error,error,-1.0,-1.0,2024-05-25 07:42:49,False,False,未工作,0,2024-05-25
8834,error,error,error,error,-1.0,-1.0,2024-05-25 07:43:49,False,False,未工作,0,2024-05-25
8835,error,error,error,error,-1.0,-1.0,2024-05-25 07:44:49,False,False,未工作,0,2024-05-25
8836,error,error,error,error,-1.0,-1.0,2024-05-25 07:45:49,False,False,未工作,0,2024-05-25
8837,error,error,error,error,-1.0,-1.0,2024-05-25 07:46:49,False,False,未工作,0,2024-05-25
8838,error,error,error,error,-1.0,-1.0,2024-05-25 07:47:49,False,False,未工作,0,2024-05-25
8839,error,error,error,error,-1.0,-1.0,2024-05-25 07:48:49,False,False,未工作,0,2024-05-25
8840,error,error,error,error,-1.0,-1.0,2024-05-25 07:49:49,False,False,未工作,0,2024-05-25
8841,error,error,error,error,-1.0,-1.0,2024-05-25 07:50:49,False,False,未工作,0,2024-05-25
8842,error,error,error,error,-1.0,-1.0,2024-05-25 07:51:49,False,False,未工作,0,2024-05-25
8843,error,error,error,error,-1.0,-1.0,2024-05-25 07:52:49,False,False,未工作,0,2024-05-25
8844,error,error,error,error,-1.0,-1.0,2024-05-25 07:53:49,False,False,未工作,0,2024-05-25
8845,error,error,error,error,-1.0,-1.0,2024-05-25 07:54:49,False,False,未工作,0,2024-05-25
8846,error,error,error,error,-1.0,-1.0,2024-05-25 07:55:49,False,False,未工作,0,2024-05-25
8847,30.1023,694.364,35.0224,694.551,0.0,0.0,2024-05-25 07:56:49,A架开机,False,开机工作中,0,2024-05-25
8848,30.1023,694.325,35.0224,694.161,0.0,0.0,2024-05-25 07:57:49,False,False,开机工作中,0,2024-05-25
8849,30.1023,694.48,35.0224,694.761,0.0,0.0,2024-05-25 07:58:49,False,False,开机工作中,0,2024-05-25
8850,30.1023,694.421,35.0224,694.716,0.0,0.0,2024-05-25 08:00:49,False,False,开机工作中,0,2024-05-25
8851,30.1023,694.26,35.0224,693.908,0.0,56.6737,2024-05-25 08:01:49,False,False,开机工作中,0,2024-05-25
8852,30.1023,694.318,35.0224,693.46,0.0,69.2142,2024-05-25 08:02:49,False,False,开机工作中,0,2024-05-25
8853,30.1023,694.377,35.0224,693.702,0.0,59.3939,2024-05-25 08:03:49,False,False,开机工作中,0,2024-05-25
8854,30.1023,694.298,35.0224,693.587,0.0,61.8596,2024-05-25 08:04:49,False,False,开机工作中,0,2024-05-25
8855,29.7892,694.43,34.7764,693.747,0.0,61.2305,2024-05-25 08:05:49,False,False,开机工作中,0,2024-05-25
8856,19.4123,694.37,23.5049,692.235,0.0,114.822,2024-05-25 08:06:49,False,False,开机工作中,0,2024-05-25
8857,17.8915,694.439,22.0065,694.155,0.0,56.4693,2024-05-25 08:07:49,False,False,开机工作中,0,2024-05-25
8858,17.8915,694.469,22.0065,694.002,0.0,56.4648,2024-05-25 08:08:49,False,False,开机工作中,0,2024-05-25
8859,30.0128,694.293,34.9329,692.478,0.0,98.0221,2024-05-25 08:09:49,False,False,开机工作中,0,2024-05-25
8860,30.147,694.806,35.6709,694.946,0.0,0.0,2024-05-25 08:10:49,False,False,开机工作中,0,2024-05-25
8861,30.147,694.765,35.6709,694.977,0.0,0.0,2024-05-25 08:11:49,False,False,开机工作中,0,2024-05-25
8862,30.147,694.867,35.6709,694.976,0.0,0.0,2024-05-25 08:12:49,False,False,开机工作中,0,2024-05-25
8863,30.147,694.859,35.6709,695.016,0.0,0.0,2024-05-25 08:13:49,False,False,开机工作中,0,2024-05-25
8864,30.147,694.843,35.6709,694.892,0.0,0.0,2024-05-25 08:14:49,False,False,开机工作中,0,2024-05-25
8865,30.147,694.735,35.6709,695.03,0.0,0.0,2024-05-25 08:15:49,False,False,开机工作中,0,2024-05-25
8866,30.147,694.825,35.6709,694.889,0.0,0.0,2024-05-25 08:16:49,False,False,开机工作中,0,2024-05-25
8867,30.147,695.002,35.6709,695.019,0.0,0.0,2024-05-25 08:17:49,False,False,开机工作中,0,2024-05-25
8868,30.147,694.959,35.6709,695.114,0.0,0.0,2024-05-25 08:18:49,False,False,开机工作中,0,2024-05-25
8869,30.147,694.965,35.6709,694.995,0.0,0.0,2024-05-25 08:19:49,False,False,开机工作中,0,2024-05-25
8870,30.147,694.914,35.6709,695.003,0.0,0.0,2024-05-25 08:20:49,False,False,开机工作中,0,2024-05-25
8871,30.147,694.904,35.6709,694.998,0.0,0.0,2024-05-25 08:21:49,False,False,开机工作中,0,2024-05-25
8872,30.147,694.915,35.6709,695.043,0.0,0.0,2024-05-25 08:22:49,False,False,开机工作中,0,2024-05-25
8873,30.147,694.986,35.6709,695.153,0.0,0.0,2024-05-25 08:23:49,False,False,开机工作中,0,2024-05-25
8874,30.147,695.035,35.6709,695.13,0.0,0.0,2024-05-25 08:24:49,False,False,开机工作中,0,2024-05-25
8875,30.147,694.959,35.6709,695.119,0.0,0.0,2024-05-25 08:25:49,False,False,开机工作中,0,2024-05-25
8876,30.147,694.907,35.6709,695.316,0.0,0.0,2024-05-25 08:26:49,False,False,开机工作中,0,2024-05-25
8877,30.147,695.018,35.6709,695.268,0.0,0.0,2024-05-25 08:27:49,False,False,开机工作中,0,2024-05-25
8878,30.147,694.973,35.6709,695.104,0.0,0.0,2024-05-25 08:28:49,False,False,开机工作中,0,2024-05-25
8879,30.147,694.952,35.6709,695.081,0.0,0.0,2024-05-25 08:29:49,False,False,开机工作中,0,2024-05-25
8880,30.147,694.936,35.6709,695.147,0.0,0.0,2024-05-25 08:30:49,False,False,开机工作中,0,2024-05-25
8881,30.147,694.986,35.6709,695.1,0.0,0.0,2024-05-25 08:31:49,False,False,开机工作中,0,2024-05-25
8882,30.147,694.911,35.6709,695.182,0.0,0.0,2024-05-25 08:32:49,False,False,开机工作中,0,2024-05-25
8883,30.147,695.03,35.6709,695.161,0.0,0.0,2024-05-25 08:33:49,False,False,开机工作中,0,2024-05-25
8884,35,695.114,35,695.293,0.0,0.0,2024-05-25 08:34:49,False,False,开机工作中,1,2024-05-25
8885,35,694.964,35,695.15,0.0,0.0,2024-05-25 08:35:49,False,False,开机工作中,0,2024-05-25
8886,35,692.281,35,690.709,55.9015,79.7608,2024-05-25 08:36:49,False,有电流,开机工作中,0,2024-05-25
8887,35,693.651,35,693.955,57.9733,56.3359,2024-05-25 08:37:49,False,False,开机工作中,0,2024-05-25
8888,35,693.241,35,693.733,55.3995,56.4,2024-05-25 08:38:49,False,False,开机工作中,0,2024-05-25
8889,35,693.583,35,693.792,58.6131,58.8715,2024-05-25 08:39:49,False,False,开机工作中,0,2024-05-25
8890,35,693.953,35,694.151,55.608,56.3344,2024-05-25 08:40:49,False,False,开机工作中,0,2024-05-25
8891,35,693.812,35,694.052,55.6671,56.2297,2024-05-25 08:41:49,False,False,开机工作中,0,2024-05-25
8892,35,693.932,35,694.02,55.6231,56.2558,2024-05-25 08:42:49,False,False,开机工作中,0,2024-05-25
8893,35,693.528,35,694.075,62.3154,56.2221,2024-05-25 08:43:49,False,False,开机工作中,0,2024-05-25
8894,35,693.724,35,693.887,55.8683,56.1166,2024-05-25 08:44:49,False,False,开机工作中,0,2024-05-25
8895,33.3674,692.672,32.3834,692.875,87.6374,84.8998,2024-05-25 08:45:49,False,False,开机工作中,0,2024-05-25
8896,14.0673,692.65,12.9043,692.888,89.7971,88.4722,2024-05-25 08:46:49,False,False,开机工作中,0,2024-05-25
8897,-6.30636,692.728,-7.60347,692.907,87.0913,86.0385,2024-05-25 08:47:49,False,False,开机工作中,0,2024-05-25
8898,-32.9419,692.812,-28.8717,692.992,83.2259,82.0934,2024-05-25 08:48:49,False,False,开机工作中,0,2024-05-25
8899,-46.1143,693.3,-46.9418,693.492,65.1471,64.7352,2024-05-25 08:49:49,False,False,开机工作中,0,2024-05-25
8900,-46.092,692.995,-46.8971,693.054,83.5247,82.3051,2024-05-25 08:50:49,False,False,开机工作中,0,2024-05-25
8901,-46.0696,693.788,-46.8971,694.079,56.2872,56.2336,2024-05-25 08:51:49,False,False,开机工作中,0,2024-05-25
8902,-46.0472,693.549,-46.8971,694.071,61.0786,56.1496,2024-05-25 08:52:49,False,False,开机工作中,0,2024-05-25
8903,-46.0472,693.782,-46.8971,694.097,56.367,56.1529,2024-05-25 08:53:49,False,False,开机工作中,0,2024-05-25
8904,-17.2871,692.111,-19.7024,692.368,104.66,102.747,2024-05-25 08:54:49,False,False,开机工作中,0,2024-05-25
8905,10.735,692.314,7.51461,692.488,100.171,98.5766,2024-05-25 08:55:49,False,False,开机工作中,0,2024-05-25
8906,32.6518,694.005,29.8339,694.094,55.5238,56.2903,2024-05-25 08:56:49,False,False,开机工作中,0,2024-05-25
8907,32.6518,693.316,29.8339,693.652,70.0459,65.8536,2024-05-25 08:57:49,False,False,开机工作中,0,2024-05-25
8908,32.7189,695.443,30.2588,695.574,62.0129,61.8859,2024-05-25 08:58:49,False,False,开机工作中,0,2024-05-25
8909,32.7412,697.078,30.4154,697.144,0.0,0.0,2024-05-25 09:00:49,False,无电流,开机工作中,0,2024-05-25
8910,32.7412,697.034,30.4154,697.2,0.0,0.0,2024-05-25 09:01:49,False,False,开机工作中,0,2024-05-25
8911,32.7412,697.105,30.4154,697.203,0.0,0.0,2024-05-25 09:02:49,False,False,开机工作中,0,2024-05-25
8912,32.7412,697.135,30.4154,697.074,0.0,0.0,2024-05-25 09:03:49,False,False,开机工作中,0,2024-05-25
8913,32.7412,697.111,30.4154,697.08,0.0,0.0,2024-05-25 09:04:49,False,False,开机工作中,0,2024-05-25
8914,32.7412,697.19,30.4154,697.198,0.0,0.0,2024-05-25 09:05:49,False,False,开机工作中,0,2024-05-25
8915,32.7412,697.198,30.4154,697.168,0.0,0.0,2024-05-25 09:06:49,False,False,开机工作中,0,2024-05-25
8916,32.7412,697.232,30.4154,697.178,0.0,0.0,2024-05-25 09:07:49,False,False,开机工作中,0,2024-05-25
8917,32.7412,697.213,30.4154,697.15,0.0,0.0,2024-05-25 09:08:49,False,False,开机工作中,0,2024-05-25
8918,32.7412,697.251,30.4154,697.121,0.0,0.0,2024-05-25 09:09:49,False,False,开机工作中,0,2024-05-25
8919,error,error,error,error,-1.0,-1.0,2024-05-25 09:10:49,A架关机,False,开机工作中,0,2024-05-25
8920,error,error,error,error,-1.0,-1.0,2024-05-25 09:11:49,False,False,未工作,0,2024-05-25
8921,error,error,error,error,-1.0,-1.0,2024-05-25 09:12:49,False,False,未工作,0,2024-05-25
8922,error,error,error,error,-1.0,-1.0,2024-05-25 09:13:49,False,False,未工作,0,2024-05-25
8923,error,error,error,error,-1.0,-1.0,2024-05-25 09:14:49,False,False,未工作,0,2024-05-25
8924,error,error,error,error,-1.0,-1.0,2024-05-25 09:15:49,False,False,未工作,0,2024-05-25
8925,error,error,error,error,-1.0,-1.0,2024-05-25 09:16:49,False,False,未工作,0,2024-05-25
8926,error,error,error,error,-1.0,-1.0,2024-05-25 09:17:49,False,False,未工作,0,2024-05-25
8927,error,error,error,error,-1.0,-1.0,2024-05-25 09:18:49,False,False,未工作,0,2024-05-25
8928,error,error,error,error,-1.0,-1.0,2024-05-25 09:19:49,False,False,未工作,0,2024-05-25
8929,error,error,error,error,-1.0,-1.0,2024-05-25 09:20:49,False,False,未工作,0,2024-05-25
8930,error,error,error,error,-1.0,-1.0,2024-05-25 09:21:49,False,False,未工作,0,2024-05-25
8931,error,error,error,error,-1.0,-1.0,2024-05-25 09:22:49,False,False,未工作,0,2024-05-25
8932,error,error,error,error,-1.0,-1.0,2024-05-25 09:23:49,False,False,未工作,0,2024-05-25
8933,error,error,error,error,-1.0,-1.0,2024-05-25 09:24:49,False,False,未工作,0,2024-05-25
8934,error,error,error,error,-1.0,-1.0,2024-05-25 09:25:49,False,False,未工作,0,2024-05-25
8935,error,error,error,error,-1.0,-1.0,2024-05-25 09:26:49,False,False,未工作,0,2024-05-25
8936,error,error,error,error,-1.0,-1.0,2024-05-25 09:27:49,False,False,未工作,0,2024-05-25
8937,error,error,error,error,-1.0,-1.0,2024-05-25 09:28:49,False,False,未工作,0,2024-05-25
8938,error,error,error,error,-1.0,-1.0,2024-05-25 09:29:49,False,False,未工作,0,2024-05-25
8939,error,error,error,error,-1.0,-1.0,2024-05-25 09:30:49,False,False,未工作,0,2024-05-25
8940,error,error,error,error,-1.0,-1.0,2024-05-25 09:31:49,False,False,未工作,0,2024-05-25
8941,error,error,error,error,-1.0,-1.0,2024-05-25 09:32:49,False,False,未工作,0,2024-05-25
8942,error,error,error,error,-1.0,-1.0,2024-05-25 09:33:49,False,False,未工作,0,2024-05-25
8943,error,error,error,error,-1.0,-1.0,2024-05-25 09:34:49,False,False,未工作,0,2024-05-25
8944,error,error,error,error,-1.0,-1.0,2024-05-25 09:35:49,False,False,未工作,0,2024-05-25
8945,error,error,error,error,-1.0,-1.0,2024-05-25 09:36:49,False,False,未工作,0,2024-05-25
8946,error,error,error,error,-1.0,-1.0,2024-05-25 09:37:49,False,False,未工作,0,2024-05-25
8947,error,error,error,error,-1.0,-1.0,2024-05-25 09:38:49,False,False,未工作,0,2024-05-25
8948,error,error,error,error,-1.0,-1.0,2024-05-25 09:39:49,False,False,未工作,0,2024-05-25
8949,error,error,error,error,-1.0,-1.0,2024-05-25 09:40:49,False,False,未工作,0,2024-05-25
8950,error,error,error,error,-1.0,-1.0,2024-05-25 09:41:49,False,False,未工作,0,2024-05-25
8951,error,error,error,error,-1.0,-1.0,2024-05-25 09:42:49,False,False,未工作,0,2024-05-25
8952,error,error,error,error,-1.0,-1.0,2024-05-25 09:43:49,False,False,未工作,0,2024-05-25
8953,error,error,error,error,-1.0,-1.0,2024-05-25 09:44:49,False,False,未工作,0,2024-05-25
8954,error,error,error,error,-1.0,-1.0,2024-05-25 09:45:49,False,False,未工作,0,2024-05-25
8955,error,error,error,error,-1.0,-1.0,2024-05-25 09:46:49,False,False,未工作,0,2024-05-25
8956,error,error,error,error,-1.0,-1.0,2024-05-25 09:47:49,False,False,未工作,0,2024-05-25
8957,error,error,error,error,-1.0,-1.0,2024-05-25 09:48:49,False,False,未工作,0,2024-05-25
8958,error,error,error,error,-1.0,-1.0,2024-05-25 09:49:49,False,False,未工作,0,2024-05-25
8959,error,error,error,error,-1.0,-1.0,2024-05-25 09:50:49,False,False,未工作,0,2024-05-25
8960,error,error,error,error,-1.0,-1.0,2024-05-25 09:51:49,False,False,未工作,0,2024-05-25
8961,error,error,error,error,-1.0,-1.0,2024-05-25 09:52:49,False,False,未工作,0,2024-05-25
8962,error,error,error,error,-1.0,-1.0,2024-05-25 09:53:49,False,False,未工作,0,2024-05-25
8963,error,error,error,error,-1.0,-1.0,2024-05-25 09:54:49,False,False,未工作,0,2024-05-25
8964,32.7412,696.404,30.4154,696.487,0.0,0.0,2024-05-25 09:55:49,A架开机,False,开机工作中,0,2024-05-25
8965,32.7412,696.695,30.4154,696.664,0.0,0.0,2024-05-25 09:56:49,False,False,开机工作中,0,2024-05-25
8966,32.7412,696.527,30.4154,696.644,0.0,0.0,2024-05-25 09:57:49,False,False,开机工作中,0,2024-05-25
8967,32.7412,696.711,30.4154,696.701,0.0,0.0,2024-05-25 09:58:49,False,False,开机工作中,0,2024-05-25
8968,32.7412,696.887,30.4154,696.843,0.0,0.0,2024-05-25 10:00:49,False,False,开机工作中,0,2024-05-25
8969,32.7412,696.649,30.4154,697.225,0.0,0.0,2024-05-25 10:01:49,False,False,开机工作中,0,2024-05-25
8970,32.7412,696.809,30.4154,696.85,0.0,0.0,2024-05-25 10:02:49,False,False,开机工作中,0,2024-05-25
8971,32.7412,696.909,30.4154,696.886,0.0,0.0,2024-05-25 10:03:49,False,False,开机工作中,0,2024-05-25
8972,32.7412,696.845,30.4154,696.875,0.0,0.0,2024-05-25 10:04:49,False,False,开机工作中,0,2024-05-25
8973,32.7412,696.844,30.4154,696.993,0.0,0.0,2024-05-25 10:05:49,False,False,开机工作中,0,2024-05-25
8974,32.7412,696.941,30.4154,697.02,0.0,0.0,2024-05-25 10:06:49,False,False,开机工作中,0,2024-05-25
8975,32.7412,696.925,30.4154,697.159,0.0,0.0,2024-05-25 10:07:49,False,False,开机工作中,0,2024-05-25
8976,32.7412,696.832,30.4154,697.032,0.0,0.0,2024-05-25 10:08:49,False,False,开机工作中,0,2024-05-25
8977,32.7412,696.907,30.4154,697.065,0.0,0.0,2024-05-25 10:09:49,False,False,开机工作中,0,2024-05-25
8978,32.7412,696.982,30.4154,697.024,0.0,0.0,2024-05-25 10:10:49,False,False,开机工作中,0,2024-05-25
8979,32.7412,696.868,30.4154,696.826,0.0,0.0,2024-05-25 10:11:49,False,False,开机工作中,0,2024-05-25
8980,32.7412,696.852,30.4154,696.827,0.0,0.0,2024-05-25 10:12:49,False,False,开机工作中,0,2024-05-25
8981,32.7412,697.027,30.4154,697.195,0.0,0.0,2024-05-25 10:13:49,False,False,开机工作中,0,2024-05-25
8982,32.7412,696.958,30.4154,696.927,0.0,0.0,2024-05-25 10:14:49,False,False,开机工作中,0,2024-05-25
8983,32.7412,697.008,30.4154,696.982,0.0,0.0,2024-05-25 10:15:49,False,False,开机工作中,0,2024-05-25
8984,32.7412,696.964,30.4154,696.995,0.0,0.0,2024-05-25 10:16:49,False,False,开机工作中,0,2024-05-25
8985,32.7412,696.649,30.4154,696.185,0.0,56.5222,2024-05-25 10:17:49,False,False,开机工作中,0,2024-05-25
8986,32.7412,696.702,30.4154,695.821,0.0,62.0496,2024-05-25 10:18:49,False,False,开机工作中,0,2024-05-25
8987,32.7412,696.74,30.4154,696.142,0.0,56.4949,2024-05-25 10:19:49,False,False,开机工作中,0,2024-05-25
8988,32.7412,696.792,30.4154,696.144,0.0,56.4284,2024-05-25 10:20:49,False,False,开机工作中,0,2024-05-25
8989,32.7412,697.131,30.4154,697.797,0.0,0.0,2024-05-25 10:21:49,False,False,开机工作中,0,2024-05-25
8990,32.7412,697.109,30.4154,697,0.0,0.0,2024-05-25 10:22:49,False,False,开机工作中,0,2024-05-25
8991,32.7412,697.03,30.4154,697.08,0.0,0.0,2024-05-25 10:23:49,False,False,开机工作中,0,2024-05-25
8992,32.7412,696.773,30.4154,696.214,0.0,56.3937,2024-05-25 10:24:49,False,False,开机工作中,0,2024-05-25
8993,32.7412,696.803,30.4154,696.236,0.0,56.4571,2024-05-25 10:25:49,False,False,开机工作中,0,2024-05-25
8994,32.7412,697.089,30.4154,697.1,0.0,0.0,2024-05-25 10:26:49,False,False,开机工作中,0,2024-05-25
8995,32.7412,697.214,30.4154,697.226,0.0,0.0,2024-05-25 10:27:49,False,False,开机工作中,0,2024-05-25
8996,32.7412,697.2,30.4154,697.076,0.0,0.0,2024-05-25 10:28:49,False,False,开机工作中,0,2024-05-25
8997,32.7412,697.084,30.4154,697.126,0.0,0.0,2024-05-25 10:29:49,False,False,开机工作中,0,2024-05-25
8998,32.7412,697.158,30.4154,697.034,0.0,0.0,2024-05-25 10:30:49,False,False,开机工作中,0,2024-05-25
8999,32.7412,697.18,30.4154,697.067,0.0,0.0,2024-05-25 10:31:49,False,False,开机工作中,0,2024-05-25
9000,32.7412,697.108,30.4154,697.007,0.0,0.0,2024-05-25 10:32:49,False,False,开机工作中,0,2024-05-25
9001,32.7412,697.116,30.4154,697.01,0.0,0.0,2024-05-25 10:33:49,False,False,开机工作中,0,2024-05-25
9002,32.7412,697.165,30.4154,697.118,0.0,0.0,2024-05-25 10:34:49,False,False,开机工作中,0,2024-05-25
9003,32.7412,697.145,30.4154,697.08,0.0,0.0,2024-05-25 10:35:49,False,False,开机工作中,0,2024-05-25
9004,32.7412,697.215,30.4154,697.063,0.0,0.0,2024-05-25 10:36:49,False,False,开机工作中,0,2024-05-25
9005,32.7412,697.212,30.4154,697.1,0.0,0.0,2024-05-25 10:37:49,False,False,开机工作中,0,2024-05-25
9006,32.7412,697.129,30.4154,697.117,0.0,0.0,2024-05-25 10:38:49,False,False,开机工作中,0,2024-05-25
9007,32.7412,696.879,30.4154,695.936,0.0,62.4959,2024-05-25 10:39:49,False,False,开机工作中,0,2024-05-25
9008,32.7412,696.826,30.4154,696.19,0.0,56.3122,2024-05-25 10:40:49,False,False,开机工作中,0,2024-05-25
9009,32.7412,696.845,30.4154,696.221,0.0,56.217,2024-05-25 10:41:49,False,False,开机工作中,0,2024-05-25
9010,32.7412,696.991,30.4154,696.308,0.0,56.2843,2024-05-25 10:42:49,False,False,开机工作中,0,2024-05-25
9011,32.7412,696.929,30.4154,696.238,0.0,56.39,2024-05-25 10:43:49,False,False,开机工作中,0,2024-05-25
9012,32.7412,696.89,30.4154,696.258,0.0,56.4148,2024-05-25 10:44:49,False,False,开机工作中,0,2024-05-25
9013,32.7412,696.915,30.4154,696.272,0.0,56.3399,2024-05-25 10:45:49,False,False,开机工作中,0,2024-05-25
9014,32.7412,696.981,30.4154,696.223,0.0,56.2467,2024-05-25 10:46:49,False,False,开机工作中,0,2024-05-25
9015,32.7412,696.913,30.4154,696.22,0.0,56.3107,2024-05-25 10:47:49,False,False,开机工作中,0,2024-05-25
9016,32.7412,696.901,30.4154,696.275,0.0,56.2878,2024-05-25 10:48:49,False,False,开机工作中,0,2024-05-25
9017,32.7412,696.95,30.4154,696.26,0.0,56.2833,2024-05-25 10:49:49,False,False,开机工作中,0,2024-05-25
9018,32.7412,696.871,30.4154,696.298,0.0,56.2623,2024-05-25 10:50:49,False,False,开机工作中,0,2024-05-25
9019,32.7412,696.876,30.4154,696.278,0.0,56.1907,2024-05-25 10:51:49,False,False,开机工作中,0,2024-05-25
9020,32.7412,696.964,30.393,695.933,0.0,62.3499,2024-05-25 10:52:49,False,False,开机工作中,0,2024-05-25
9021,32.7412,696.852,30.393,696.236,0.0,56.3325,2024-05-25 10:53:49,False,False,开机工作中,0,2024-05-25
9022,32.7412,696.915,30.4154,696.13,0.0,56.3138,2024-05-25 10:54:49,False,False,开机工作中,0,2024-05-25
9023,32.7412,696.977,30.4154,696.282,0.0,56.2203,2024-05-25 10:55:49,False,False,开机工作中,0,2024-05-25
9024,32.7412,696.951,30.4154,696.269,0.0,56.2568,2024-05-25 10:56:49,False,False,开机工作中,0,2024-05-25
9025,32.7412,696.958,30.393,696.197,0.0,58.593,2024-05-25 10:57:49,False,False,开机工作中,0,2024-05-25
9026,32.7412,697.202,30.393,697.136,0.0,0.0,2024-05-25 10:58:49,False,False,开机工作中,0,2024-05-25
9027,32.7412,697.255,30.393,697.193,0.0,0.0,2024-05-25 13:00:49,False,False,开机工作中,0,2024-05-25
9028,32.7412,697.267,30.393,697.226,0.0,0.0,2024-05-25 13:01:49,False,False,开机工作中,0,2024-05-25
9029,32.7412,697.276,30.393,697.29,0.0,0.0,2024-05-25 13:02:49,False,False,开机工作中,0,2024-05-25
9030,32.7412,697.209,30.393,697.256,0.0,0.0,2024-05-25 13:03:49,False,False,开机工作中,0,2024-05-25
9031,32.7412,697.234,30.393,697.098,0.0,0.0,2024-05-25 13:04:49,False,False,开机工作中,0,2024-05-25
9032,32.7412,697.198,30.393,697.181,0.0,0.0,2024-05-25 13:05:49,False,False,开机工作中,0,2024-05-25
9033,32.7412,697.177,30.393,697.148,0.0,0.0,2024-05-25 13:06:49,False,False,开机工作中,0,2024-05-25
9034,32.7412,697.145,30.393,697.169,0.0,0.0,2024-05-25 13:07:49,False,False,开机工作中,0,2024-05-25
9035,32.7412,697.134,30.393,697.147,0.0,0.0,2024-05-25 13:08:49,False,False,开机工作中,0,2024-05-25
9036,32.7412,697.173,30.393,697.26,0.0,0.0,2024-05-25 13:09:49,False,False,开机工作中,0,2024-05-25
9037,32.7412,697.211,30.393,697.166,0.0,0.0,2024-05-25 13:10:49,False,False,开机工作中,0,2024-05-25
9038,32.7412,697.185,30.393,697.133,0.0,0.0,2024-05-25 13:11:49,False,False,开机工作中,0,2024-05-25
9039,32.7412,697.171,30.393,697.21,0.0,0.0,2024-05-25 13:12:49,False,False,开机工作中,0,2024-05-25
9040,32.7412,697.16,30.393,697.18,0.0,0.0,2024-05-25 13:13:49,False,False,开机工作中,0,2024-05-25
9041,32.7412,697.098,30.393,697.122,0.0,0.0,2024-05-25 13:14:49,False,False,开机工作中,0,2024-05-25
9042,32.7412,697.147,30.393,697.143,0.0,0.0,2024-05-25 13:15:49,False,False,开机工作中,0,2024-05-25
9043,32.7412,697.235,30.393,697.098,0.0,0.0,2024-05-25 13:16:49,False,False,开机工作中,0,2024-05-25
9044,32.7636,697.398,30.393,697.187,0.0,0.0,2024-05-25 13:17:49,False,False,开机工作中,0,2024-05-25
9045,32.7636,697.232,30.393,697.291,0.0,0.0,2024-05-25 13:18:49,False,False,开机工作中,0,2024-05-25
9046,32.7412,697.32,30.393,697.232,0.0,0.0,2024-05-25 13:19:49,False,False,开机工作中,0,2024-05-25
9047,32.7636,697.4,30.393,697.393,0.0,0.0,2024-05-25 13:20:49,False,False,开机工作中,0,2024-05-25
9048,32.7636,697.349,30.393,697.3,0.0,0.0,2024-05-25 13:21:49,False,False,开机工作中,0,2024-05-25
9049,32.7636,697.328,30.393,697.292,0.0,0.0,2024-05-25 13:22:49,False,False,开机工作中,0,2024-05-25
9050,32.7636,697.286,30.393,697.279,0.0,0.0,2024-05-25 13:23:49,False,False,开机工作中,0,2024-05-25
9051,32.7636,697.379,30.393,697.252,0.0,0.0,2024-05-25 13:24:49,False,False,开机工作中,0,2024-05-25
9052,32.7636,697.317,30.393,697.317,0.0,0.0,2024-05-25 13:25:49,False,False,开机工作中,0,2024-05-25
9053,32.7636,697.243,30.393,697.227,0.0,0.0,2024-05-25 13:26:49,False,False,开机工作中,0,2024-05-25
9054,32.7636,697.31,30.393,697.178,0.0,0.0,2024-05-25 13:27:49,False,False,开机工作中,0,2024-05-25
9055,32.7636,697.35,30.393,697.253,0.0,0.0,2024-05-25 13:28:49,False,False,开机工作中,0,2024-05-25
9056,32.7636,697.266,30.393,697.251,0.0,0.0,2024-05-25 13:29:49,False,False,开机工作中,0,2024-05-25
9057,32.7636,697.375,30.393,697.319,0.0,0.0,2024-05-25 13:30:49,False,False,开机工作中,0,2024-05-25
9058,32.7636,697.321,30.393,697.363,0.0,0.0,2024-05-25 13:31:49,False,False,开机工作中,0,2024-05-25
9059,32.7636,697.289,30.393,697.244,0.0,0.0,2024-05-25 13:32:49,False,False,开机工作中,0,2024-05-25
9060,32.7636,697.247,30.393,697.211,0.0,0.0,2024-05-25 13:33:49,False,False,开机工作中,0,2024-05-25
9061,32.7636,697.166,30.393,697.201,0.0,0.0,2024-05-25 13:34:49,False,False,开机工作中,0,2024-05-25
9062,32.7636,697.359,30.393,697.361,0.0,0.0,2024-05-25 13:35:49,False,False,开机工作中,0,2024-05-25
9063,32.7636,697.3,30.393,697.401,0.0,0.0,2024-05-25 13:36:49,False,False,开机工作中,0,2024-05-25
9064,32.7636,697.377,30.393,697.267,0.0,0.0,2024-05-25 13:37:49,False,False,开机工作中,0,2024-05-25
9065,32.7636,697.288,30.393,697.196,0.0,0.0,2024-05-25 13:38:49,False,False,开机工作中,0,2024-05-25
9066,32.7636,697.208,30.393,697.395,0.0,0.0,2024-05-25 13:39:49,False,False,开机工作中,0,2024-05-25
9067,32.7636,697.216,30.393,697.22,0.0,0.0,2024-05-25 13:40:49,False,False,开机工作中,0,2024-05-25
9068,32.7636,697.08,30.393,697.099,0.0,0.0,2024-05-25 13:41:49,False,False,开机工作中,0,2024-05-25
9069,32.7636,697.276,30.393,697.26,0.0,0.0,2024-05-25 13:42:49,False,False,开机工作中,0,2024-05-25
9070,32.7636,697.234,30.393,697.297,0.0,0.0,2024-05-25 13:43:49,False,False,开机工作中,0,2024-05-25
9071,32.7636,697.363,30.393,697.261,0.0,0.0,2024-05-25 13:44:49,False,False,开机工作中,0,2024-05-25
9072,32.7636,697.253,30.393,697.205,0.0,0.0,2024-05-25 13:45:49,False,False,开机工作中,0,2024-05-25
9073,32.7636,697.167,30.393,697.222,0.0,0.0,2024-05-25 13:46:49,False,False,开机工作中,0,2024-05-25
9074,32.7636,697.36,30.393,697.286,0.0,0.0,2024-05-25 13:47:49,False,False,开机工作中,0,2024-05-25
9075,32.7636,697.199,30.393,697.252,0.0,0.0,2024-05-25 13:48:49,False,False,开机工作中,0,2024-05-25
9076,32.7636,697.297,30.393,697.285,0.0,0.0,2024-05-25 13:49:49,False,False,开机工作中,0,2024-05-25
9077,32.7636,697.308,30.393,697.253,0.0,0.0,2024-05-25 13:50:49,False,False,开机工作中,0,2024-05-25
9078,32.7636,697.385,30.393,697.326,0.0,0.0,2024-05-25 13:51:49,False,False,开机工作中,0,2024-05-25
9079,32.7636,697.267,30.393,697.169,0.0,0.0,2024-05-25 13:52:49,False,False,开机工作中,0,2024-05-25
9080,32.7636,697.381,30.393,697.217,0.0,0.0,2024-05-25 13:53:49,False,False,开机工作中,0,2024-05-25
9081,32.7636,697.295,30.393,697.129,0.0,0.0,2024-05-25 13:54:49,False,False,开机工作中,0,2024-05-25
9082,32.7636,697.368,30.393,697.21,0.0,0.0,2024-05-25 13:55:49,False,False,开机工作中,0,2024-05-25
9083,32.7636,697.144,30.393,697.207,0.0,0.0,2024-05-25 13:56:49,False,False,开机工作中,0,2024-05-25
9084,32.7636,697.29,30.393,697.27,0.0,0.0,2024-05-25 13:57:49,False,False,开机工作中,0,2024-05-25
9085,32.7636,697.284,30.393,697.259,0.0,0.0,2024-05-25 13:58:49,False,False,开机工作中,0,2024-05-25
9086,32.7636,697.314,30.393,697.195,0.0,0.0,2024-05-25 14:00:49,False,False,开机工作中,0,2024-05-25
9087,32.7636,697.408,30.393,697.295,0.0,0.0,2024-05-25 14:01:49,False,False,开机工作中,0,2024-05-25
9088,32.7636,697.37,30.393,697.18,0.0,0.0,2024-05-25 14:02:49,False,False,开机工作中,0,2024-05-25
9089,32.7636,697.378,30.393,697.391,0.0,0.0,2024-05-25 14:03:49,False,False,开机工作中,0,2024-05-25
9090,32.7636,697.374,30.393,697.334,0.0,0.0,2024-05-25 14:04:49,False,False,开机工作中,0,2024-05-25
9091,32.7636,697.219,30.393,697.179,0.0,0.0,2024-05-25 14:05:49,False,False,开机工作中,0,2024-05-25
9092,32.7636,697.446,30.393,697.416,0.0,0.0,2024-05-25 14:06:49,False,False,开机工作中,0,2024-05-25
9093,32.7636,697.485,30.393,697.384,0.0,0.0,2024-05-25 14:07:49,False,False,开机工作中,0,2024-05-25
9094,32.7636,697.414,30.393,697.285,0.0,0.0,2024-05-25 14:08:49,False,False,开机工作中,0,2024-05-25
9095,32.7636,697.373,30.4154,697.358,0.0,0.0,2024-05-25 14:09:49,False,False,开机工作中,0,2024-05-25
9096,32.7636,697.332,30.4154,697.33,0.0,0.0,2024-05-25 14:10:49,False,False,开机工作中,0,2024-05-25
9097,32.7636,697.414,30.4154,697.331,0.0,0.0,2024-05-25 14:11:49,False,False,开机工作中,0,2024-05-25
9098,32.7636,697.337,30.4154,697.3,0.0,0.0,2024-05-25 14:12:49,False,False,开机工作中,0,2024-05-25
9099,32.7636,697.377,30.4154,697.242,0.0,0.0,2024-05-25 14:13:49,False,False,开机工作中,0,2024-05-25
9100,32.7636,697.397,30.4154,697.322,0.0,0.0,2024-05-25 14:14:49,False,False,开机工作中,0,2024-05-25
9101,32.7636,697.479,30.4154,697.461,0.0,0.0,2024-05-25 14:15:49,False,False,开机工作中,0,2024-05-25
9102,32.7636,697.448,30.4154,697.39,0.0,0.0,2024-05-25 14:16:49,False,False,开机工作中,0,2024-05-25
9103,32.7636,697.222,30.4154,697.294,0.0,0.0,2024-05-25 14:17:49,False,False,开机工作中,0,2024-05-25
9104,32.7636,697.383,30.4154,696.695,0.0,0.0,2024-05-25 14:18:49,False,False,开机工作中,0,2024-05-25
9105,32.7636,697.362,30.4154,697.357,0.0,0.0,2024-05-25 14:19:49,False,False,开机工作中,0,2024-05-25
9106,32.7636,697.432,30.4154,697.405,0.0,0.0,2024-05-25 14:20:49,False,False,开机工作中,0,2024-05-25
9107,32.7636,697.306,30.4154,697.368,0.0,0.0,2024-05-25 14:21:49,False,False,开机工作中,0,2024-05-25
9108,32.7636,697.448,30.4154,697.326,0.0,0.0,2024-05-25 14:22:49,False,False,开机工作中,0,2024-05-25
9109,32.7636,697.403,30.4154,697.226,0.0,0.0,2024-05-25 14:23:49,False,False,开机工作中,0,2024-05-25
9110,32.7636,697.382,30.4154,697.284,0.0,0.0,2024-05-25 14:24:49,False,False,开机工作中,0,2024-05-25
9111,32.7636,697.372,30.4154,697.339,0.0,0.0,2024-05-25 14:25:49,False,False,开机工作中,0,2024-05-25
9112,32.7636,697.336,30.4154,697.308,0.0,0.0,2024-05-25 14:26:49,False,False,开机工作中,0,2024-05-25
9113,32.7636,697.483,30.4154,697.405,0.0,0.0,2024-05-25 14:27:49,False,False,开机工作中,0,2024-05-25
9114,32.7636,697.331,30.4154,697.278,0.0,0.0,2024-05-25 14:28:49,False,False,开机工作中,0,2024-05-25
9115,32.7636,697.298,30.4154,697.311,0.0,0.0,2024-05-25 14:29:49,False,False,开机工作中,0,2024-05-25
9116,32.7636,697.335,30.4154,697.329,0.0,0.0,2024-05-25 14:30:49,False,False,开机工作中,0,2024-05-25
9117,32.7636,697.358,30.4154,697.245,0.0,0.0,2024-05-25 14:31:49,False,False,开机工作中,0,2024-05-25
9118,32.7636,697.448,30.4154,697.306,0.0,0.0,2024-05-25 14:32:49,False,False,开机工作中,0,2024-05-25
9119,32.7636,697.357,30.4154,697.314,0.0,0.0,2024-05-25 14:33:49,False,False,开机工作中,0,2024-05-25
9120,32.7636,697.393,30.4154,697.336,0.0,0.0,2024-05-25 14:34:49,False,False,开机工作中,0,2024-05-25
9121,32.7636,697.431,30.4154,697.301,0.0,0.0,2024-05-25 14:35:49,False,False,开机工作中,0,2024-05-25
9122,32.7636,697.294,30.4154,697.273,0.0,0.0,2024-05-25 14:36:49,False,False,开机工作中,0,2024-05-25
9123,32.7636,697.308,30.4154,697.238,0.0,0.0,2024-05-25 14:37:49,False,False,开机工作中,0,2024-05-25
9124,32.7636,697.308,30.4154,697.199,0.0,0.0,2024-05-25 14:38:49,False,False,开机工作中,0,2024-05-25
9125,32.7636,697.27,30.4154,697.118,0.0,0.0,2024-05-25 14:39:49,False,False,开机工作中,0,2024-05-25
9126,32.7636,697.302,30.4154,697.214,0.0,0.0,2024-05-25 14:40:49,False,False,开机工作中,0,2024-05-25
9127,32.7636,697.366,30.4154,697.173,0.0,0.0,2024-05-25 14:41:49,False,False,开机工作中,0,2024-05-25
9128,32.7636,697.242,30.4154,697.287,0.0,0.0,2024-05-25 14:42:49,False,False,开机工作中,0,2024-05-25
9129,32.7636,697.452,30.4154,697.388,0.0,0.0,2024-05-25 14:43:49,False,False,开机工作中,0,2024-05-25
9130,32.7636,697.503,30.4154,697.253,0.0,0.0,2024-05-25 14:44:49,False,False,开机工作中,0,2024-05-25
9131,32.7636,697.351,30.4154,697.378,0.0,0.0,2024-05-25 14:45:49,False,False,开机工作中,0,2024-05-25
9132,32.7636,697.417,30.4154,697.38,0.0,0.0,2024-05-25 14:46:49,False,False,开机工作中,0,2024-05-25
9133,32.7636,697.374,30.4154,697.333,0.0,0.0,2024-05-25 14:47:49,False,False,开机工作中,0,2024-05-25
9134,32.7636,697.322,30.4154,697.289,0.0,0.0,2024-05-25 14:48:49,False,False,开机工作中,0,2024-05-25
9135,32.7636,697.313,30.4154,697.433,0.0,0.0,2024-05-25 14:49:49,False,False,开机工作中,0,2024-05-25
9136,32.7636,697.358,30.4154,697.344,0.0,0.0,2024-05-25 14:50:49,False,False,开机工作中,0,2024-05-25
9137,32.7636,697.382,30.4154,697.376,0.0,0.0,2024-05-25 14:51:49,False,False,开机工作中,0,2024-05-25
9138,32.7636,697.296,30.4154,697.26,0.0,0.0,2024-05-25 14:52:49,False,False,开机工作中,0,2024-05-25
9139,32.7636,697.313,30.4154,697.253,0.0,0.0,2024-05-25 14:53:49,False,False,开机工作中,0,2024-05-25
9140,32.7636,697.356,30.4154,697.29,0.0,0.0,2024-05-25 14:54:49,False,False,开机工作中,0,2024-05-25
9141,32.7636,697.447,30.4154,697.335,0.0,0.0,2024-05-25 14:55:49,False,False,开机工作中,0,2024-05-25
9142,32.7636,697.277,30.4154,697.393,0.0,0.0,2024-05-25 14:56:49,False,False,开机工作中,0,2024-05-25
9143,32.7636,697.471,30.4154,697.403,0.0,0.0,2024-05-25 14:57:49,False,False,开机工作中,0,2024-05-25
9144,32.7636,697.477,30.4154,697.37,0.0,0.0,2024-05-25 14:58:49,False,False,开机工作中,0,2024-05-25
9145,32.7636,697.401,30.4154,697.3,0.0,0.0,2024-05-25 16:00:49,False,False,开机工作中,0,2024-05-25
9146,32.7636,697.367,30.4154,697.319,0.0,0.0,2024-05-25 16:01:49,False,False,开机工作中,0,2024-05-25
9147,32.7636,697.48,30.4154,697.313,0.0,0.0,2024-05-25 16:02:49,False,False,开机工作中,0,2024-05-25
9148,32.7636,697.407,30.4154,697.282,0.0,0.0,2024-05-25 16:03:49,False,False,开机工作中,0,2024-05-25
9149,32.7636,697.303,30.4154,697.321,0.0,0.0,2024-05-25 16:04:49,False,False,开机工作中,0,2024-05-25
9150,32.7636,697.66,30.4154,697.528,0.0,0.0,2024-05-25 16:05:49,False,False,开机工作中,0,2024-05-25
9151,32.7636,697.345,30.4154,697.268,0.0,0.0,2024-05-25 16:06:49,False,False,开机工作中,0,2024-05-25
9152,32.7636,696.944,30.4154,695.947,0.0,62.6228,2024-05-25 16:07:49,False,False,开机工作中,0,2024-05-25
9153,32.7636,697.014,30.4154,696.43,0.0,56.8023,2024-05-25 16:08:49,False,False,开机工作中,0,2024-05-25
9154,32.7636,696.856,30.4154,694.253,0.0,123.078,2024-05-25 16:09:49,False,False,开机工作中,0,2024-05-25
9155,32.7636,696.178,30.4154,695.452,0.0,56.5201,2024-05-25 16:10:49,False,False,开机工作中,0,2024-05-25
9156,32.7636,696.784,30.4154,695.789,0.0,62.8606,2024-05-25 16:11:49,False,False,开机工作中,0,2024-05-25
9157,32.7636,696.877,30.4154,695.949,0.0,60.1855,2024-05-25 16:12:49,False,False,开机工作中,0,2024-05-25
9158,32.7636,696.887,30.4154,695.929,0.0,60.1447,2024-05-25 16:13:49,False,False,开机工作中,0,2024-05-25
9159,32.7636,696.855,30.4154,695.938,0.0,60.2275,2024-05-25 16:14:49,False,False,开机工作中,0,2024-05-25
9160,32.7636,696.855,30.4154,695.79,0.0,62.8551,2024-05-25 16:15:49,False,False,开机工作中,0,2024-05-25
9161,32.6965,695.966,30.2588,695.864,57.6775,57.8013,2024-05-25 16:16:49,False,有电流,开机工作中,0,2024-05-25
9162,20.5752,695.093,16.9299,694.944,79.6792,78.5301,2024-05-25 16:17:49,False,False,开机工作中,0,2024-05-25
9163,0.469944,694.821,-3.24249,694.684,89.222,87.4402,2024-05-25 16:18:49,A架摆出,False,开机工作中,0,2024-05-25
9164,-22.6097,694.723,-26.3669,694.648,85.9783,84.482,2024-05-25 16:19:49,False,False,开机工作中,0,2024-05-25
9165,-45.5552,695.959,-44.4147,695.872,55.8576,56.4354,2024-05-25 16:20:49,False,False,开机工作中,0,2024-05-25
9166,-44.683,695.174,-43.6096,695.056,74.0184,73.5198,2024-05-25 16:21:49,False,False,开机工作中,0,2024-05-25
9167,-44.6607,697.234,-43.6096,697.01,0.0,0.0,2024-05-25 16:22:49,False,无电流,开机工作中,0,2024-05-25
9168,-44.6607,697.283,-43.6096,697.049,0.0,0.0,2024-05-25 16:23:49,False,False,开机工作中,0,2024-05-25
9169,-44.6607,697.259,-43.6096,697.011,0.0,0.0,2024-05-25 16:24:49,False,False,开机工作中,0,2024-05-25
9170,-44.6607,697.3,-43.6096,697.126,0.0,0.0,2024-05-25 16:25:49,False,False,开机工作中,0,2024-05-25
9171,-44.6607,697.152,-43.6096,697.07,0.0,0.0,2024-05-25 16:26:49,False,False,开机工作中,0,2024-05-25
9172,-44.6607,697.118,-43.6096,697.056,0.0,0.0,2024-05-25 16:27:49,False,False,开机工作中,0,2024-05-25
9173,-44.6607,697.059,-43.5872,696.947,0.0,0.0,2024-05-25 16:28:49,False,False,开机工作中,0,2024-05-25
9174,-44.6383,697.135,-43.5872,697.009,0.0,0.0,2024-05-25 16:29:49,False,False,开机工作中,0,2024-05-25
9175,-44.6383,697.209,-43.5872,696.973,0.0,0.0,2024-05-25 16:30:49,False,False,开机工作中,0,2024-05-25
9176,-44.6383,697.079,-43.5872,697.027,0.0,0.0,2024-05-25 16:31:49,False,False,开机工作中,0,2024-05-25
9177,-44.6383,697.13,-43.5872,697.024,0.0,0.0,2024-05-25 16:32:49,False,False,开机工作中,0,2024-05-25
9178,-44.6159,697.16,-43.5872,697.073,0.0,0.0,2024-05-25 16:33:49,False,False,开机工作中,0,2024-05-25
9179,-44.6159,697.126,-43.5872,696.922,0.0,0.0,2024-05-25 16:34:49,False,False,开机工作中,0,2024-05-25
9180,-44.6159,697.736,-43.5872,697.514,0.0,0.0,2024-05-25 16:35:49,False,False,开机工作中,0,2024-05-25
9181,-44.6383,697.857,-43.5872,697.641,0.0,0.0,2024-05-25 16:36:49,False,False,开机工作中,0,2024-05-25
9182,-44.6383,697.783,-43.5648,697.46,0.0,0.0,2024-05-25 16:37:49,False,False,开机工作中,0,2024-05-25
9183,-44.6383,697.708,-43.5648,697.526,0.0,0.0,2024-05-25 16:38:49,False,False,开机工作中,0,2024-05-25
9184,-44.6383,697.665,-43.5648,697.464,0.0,0.0,2024-05-25 16:39:49,False,False,开机工作中,0,2024-05-25
9185,-44.6607,697.627,-43.5648,697.489,0.0,0.0,2024-05-25 16:40:49,False,False,开机工作中,0,2024-05-25
9186,-44.6607,697.706,-43.5648,697.497,0.0,0.0,2024-05-25 16:41:49,False,False,开机工作中,0,2024-05-25
9187,-44.6607,697.722,-43.5648,697.417,0.0,0.0,2024-05-25 16:42:49,False,False,开机工作中,0,2024-05-25
9188,-44.683,697.652,-43.5648,697.407,0.0,0.0,2024-05-25 16:43:49,False,False,开机工作中,0,2024-05-25
9189,-44.683,696.766,-43.5648,696.379,0.0,0.0,2024-05-25 16:44:49,False,False,开机工作中,0,2024-05-25
9190,-44.683,695.681,-43.5648,695.468,0.0,0.0,2024-05-25 16:45:49,False,False,开机工作中,0,2024-05-25
9191,-44.683,695.714,-43.5648,695.446,0.0,0.0,2024-05-25 16:46:49,False,False,开机工作中,0,2024-05-25
9192,-44.7054,695.638,-43.5648,695.388,0.0,0.0,2024-05-25 16:47:49,False,False,开机工作中,0,2024-05-25
9193,-44.7054,695.74,-43.5648,695.421,0.0,0.0,2024-05-25 16:48:49,False,False,开机工作中,0,2024-05-25
9194,-44.7054,695.689,-43.5648,695.409,0.0,0.0,2024-05-25 16:49:49,False,False,开机工作中,0,2024-05-25
9195,-44.7278,695.721,-43.5425,695.435,0.0,0.0,2024-05-25 16:50:49,False,False,开机工作中,0,2024-05-25
9196,-44.7278,695.742,-43.5425,695.492,0.0,0.0,2024-05-25 16:51:49,False,False,开机工作中,0,2024-05-25
9197,-44.7278,695.616,-43.5425,695.45,0.0,0.0,2024-05-25 16:52:49,False,False,开机工作中,0,2024-05-25
9198,-44.7501,695.465,-43.5425,695.449,0.0,0.0,2024-05-25 16:53:49,False,False,开机工作中,0,2024-05-25
9199,-44.7501,695.754,-43.5425,695.427,0.0,0.0,2024-05-25 16:54:49,False,False,开机工作中,0,2024-05-25
9200,-44.7501,697.419,-43.5425,695.203,0.0,229.688,2024-05-25 16:55:49,False,False,开机工作中,0,2024-05-25
9201,-44.7501,694.552,-43.5425,694.343,55.7462,56.2963,2024-05-25 16:56:49,False,有电流,开机工作中,0,2024-05-25
9202,-44.7725,694.739,-43.5425,693.922,55.8441,67.0371,2024-05-25 16:57:49,False,False,开机工作中,0,2024-05-25
9203,-47.8811,694.851,-45.5552,694.483,55.7379,56.4579,2024-05-25 16:58:49,False,False,开机工作中,0,2024-05-25
9204,-47.8587,694.432,-45.5552,694.259,55.9321,56.4228,2024-05-25 17:00:49,False,False,开机工作中,0,2024-05-25
9205,-47.8587,694.102,-45.5552,694.137,55.4176,56.0279,2024-05-25 17:01:49,False,False,开机工作中,0,2024-05-25
9206,-47.8587,694.749,-45.5552,694.624,55.5689,55.98,2024-05-25 17:02:49,False,False,开机工作中,0,2024-05-25
9207,-47.8587,694.704,-45.5552,694.425,55.3856,55.9969,2024-05-25 17:03:49,False,False,开机工作中,0,2024-05-25
9208,-47.8587,694.599,-45.5552,694.387,55.6338,56.6648,2024-05-25 17:04:49,False,False,开机工作中,0,2024-05-25
9209,-47.8587,694.643,-45.5552,694.25,55.4398,56.6557,2024-05-25 17:05:49,False,False,开机工作中,0,2024-05-25
9210,-47.8587,694.766,-45.5552,694.458,55.4082,56.9122,2024-05-25 17:06:49,False,False,开机工作中,0,2024-05-25
9211,-47.8587,694.49,-45.5776,694.491,56.8086,58.0116,2024-05-25 17:07:49,False,False,开机工作中,0,2024-05-25
9212,-47.8811,693.708,-45.6,693.569,81.7086,78.7732,2024-05-25 17:08:49,缆绳挂妥,False,开机工作中,0,2024-05-25
9213,-41.3284,692.653,-39.2038,692.586,115.242,113.726,2024-05-25 17:09:49,征服者出水,False,开机工作中,0,2024-05-25
9214,-10.5108,693.016,-8.40858,692.856,102.606,101.489,2024-05-25 17:10:49,False,False,开机工作中,0,2024-05-25
9215,15.2078,695.077,17.2877,694.904,98.2937,97.1214,2024-05-25 17:11:49,False,False,开机工作中,0,2024-05-25
9216,30.2141,696.547,33.1438,696.323,55.5987,56.2437,2024-05-25 17:12:49,征服者落座,False,开机工作中,0,2024-05-25
9217,30.2141,696.611,33.1438,696.266,55.7429,58.0808,2024-05-25 17:13:49,False,False,开机工作中,0,2024-05-25
9218,30.2141,696.528,33.1438,696.367,55.8035,56.8424,2024-05-25 17:14:49,False,False,开机工作中,0,2024-05-25
9219,30.2141,696.063,33.1438,695.896,55.6347,57.0246,2024-05-25 17:15:49,False,False,开机工作中,0,2024-05-25
9220,30.2141,696.073,33.1438,696.096,55.5885,56.4091,2024-05-25 17:16:49,False,False,开机工作中,0,2024-05-25
9221,30.2141,696.02,33.1438,696.027,55.5664,56.2469,2024-05-25 17:17:49,False,False,开机工作中,0,2024-05-25
9222,30.2141,694.881,33.1438,694.911,85.1872,84.8068,2024-05-25 17:18:49,False,False,开机工作中,0,2024-05-25
9223,30.2141,695.966,33.1438,695.984,58.3724,57.5488,2024-05-25 17:19:49,False,False,开机工作中,0,2024-05-25
9224,30.2141,697.37,33.1438,697.243,0.0,0.0,2024-05-25 17:20:49,False,无电流,开机工作中,0,2024-05-25
9225,30.2141,697.39,33.1438,697.324,0.0,0.0,2024-05-25 17:21:49,False,False,开机工作中,0,2024-05-25
9226,error,error,error,error,-1.0,-1.0,2024-05-25 17:22:49,A架关机,False,开机工作中,0,2024-05-25
9227,30.2141,697.31,33.1438,697.214,0.0,0.0,2024-05-25 17:23:49,A架开机,False,开机工作中,0,2024-05-25
9228,30.2141,697.446,33.1438,697.338,0.0,0.0,2024-05-25 17:24:49,False,False,开机工作中,0,2024-05-25
9229,30.2141,697.422,33.1438,696.533,0.0,0.0,2024-05-25 17:25:49,False,False,开机工作中,0,2024-05-25
9230,30.2141,697.316,33.1438,697.254,0.0,0.0,2024-05-25 17:26:49,False,False,开机工作中,0,2024-05-25
9231,30.2141,697.459,33.1438,697.339,0.0,0.0,2024-05-25 17:27:49,False,False,开机工作中,0,2024-05-25
9232,30.2141,697.311,33.1438,697.208,0.0,0.0,2024-05-25 17:28:49,False,False,开机工作中,0,2024-05-25
9233,30.2141,697.38,33.1438,697.207,0.0,0.0,2024-05-25 17:29:49,False,False,开机工作中,0,2024-05-25
9234,30.2141,697.346,33.1438,697.344,0.0,0.0,2024-05-25 17:30:49,False,False,开机工作中,0,2024-05-25
9235,30.2141,697.416,33.1438,697.218,0.0,0.0,2024-05-25 17:31:49,False,False,开机工作中,0,2024-05-25
9236,30.2141,695.778,33.1438,695.818,0.0,0.0,2024-05-25 17:32:49,False,False,开机工作中,0,2024-05-25
9237,30.2141,695.705,33.1438,695.902,0.0,0.0,2024-05-25 17:33:49,False,False,开机工作中,0,2024-05-25
9238,30.2141,695.853,33.1438,695.785,0.0,0.0,2024-05-25 17:34:49,False,False,开机工作中,0,2024-05-25
9239,30.2141,695.788,33.1438,695.703,0.0,0.0,2024-05-25 17:35:49,False,False,开机工作中,0,2024-05-25
9240,30.2141,695.802,33.1438,695.701,0.0,0.0,2024-05-25 17:36:49,False,False,开机工作中,0,2024-05-25
9241,30.2141,695.707,33.1438,695.811,0.0,0.0,2024-05-25 17:37:49,False,False,开机工作中,0,2024-05-25
9242,30.2141,695.701,33.1438,695.83,0.0,0.0,2024-05-25 17:38:49,False,False,开机工作中,0,2024-05-25
9243,30.2141,695.743,33.1438,695.699,0.0,0.0,2024-05-25 17:39:49,False,False,开机工作中,0,2024-05-25
9244,30.2141,695.808,33.1438,695.752,0.0,0.0,2024-05-25 17:40:49,False,False,开机工作中,0,2024-05-25
9245,30.2141,695.751,33.1438,695.758,0.0,0.0,2024-05-25 17:41:49,False,False,开机工作中,0,2024-05-25
9246,30.2141,695.683,33.1438,695.729,0.0,0.0,2024-05-25 17:42:49,False,False,开机工作中,0,2024-05-25
9247,30.2141,695.707,33.1438,695.71,0.0,0.0,2024-05-25 17:43:49,False,False,开机工作中,0,2024-05-25
9248,30.2141,695.742,33.1438,695.802,0.0,0.0,2024-05-25 17:44:49,False,False,开机工作中,0,2024-05-25
9249,30.2141,695.708,33.1438,695.753,0.0,0.0,2024-05-25 17:45:49,False,False,开机工作中,0,2024-05-25
9250,30.2141,695.762,33.1438,695.786,0.0,0.0,2024-05-25 17:46:49,False,False,开机工作中,0,2024-05-25
9251,30.2141,695.758,33.1438,695.766,0.0,0.0,2024-05-25 17:47:49,False,False,开机工作中,0,2024-05-25
9252,30.2141,695.731,33.1438,695.807,0.0,0.0,2024-05-25 17:48:49,False,False,开机工作中,0,2024-05-25
9253,30.2141,695.805,33.1438,695.892,0.0,0.0,2024-05-25 17:49:49,False,False,开机工作中,0,2024-05-25
9254,30.2141,695.828,33.1438,695.686,0.0,0.0,2024-05-25 17:50:49,False,False,开机工作中,0,2024-05-25
9255,30.2141,695.555,33.1438,695.686,0.0,0.0,2024-05-25 17:51:49,False,False,开机工作中,0,2024-05-25
9256,30.2141,695.718,33.1438,695.888,0.0,0.0,2024-05-25 17:52:49,False,False,开机工作中,0,2024-05-25
9257,30.2141,695.769,33.1438,695.693,0.0,0.0,2024-05-25 17:53:49,False,False,开机工作中,0,2024-05-25
9258,30.2141,695.751,33.1438,695.811,0.0,0.0,2024-05-25 17:54:49,False,False,开机工作中,0,2024-05-25
9259,30.2141,695.732,33.1438,695.86,0.0,0.0,2024-05-25 17:55:49,False,False,开机工作中,0,2024-05-25
9260,30.2141,695.703,33.1438,695.824,0.0,0.0,2024-05-25 17:56:49,False,False,开机工作中,0,2024-05-25
9261,30.2141,695.777,33.1438,695.83,0.0,0.0,2024-05-25 17:57:49,False,False,开机工作中,0,2024-05-25
9262,30.2141,695.711,33.1438,695.733,0.0,0.0,2024-05-25 17:58:49,False,False,开机工作中,0,2024-05-25
9263,30.2141,695.918,33.1438,695.992,0.0,0.0,2024-05-25 18:00:49,False,False,开机工作中,0,2024-05-25
9264,30.2141,695.766,33.1438,695.779,0.0,0.0,2024-05-25 18:01:49,False,False,开机工作中,0,2024-05-25
9265,30.2141,695.74,33.1438,695.782,0.0,0.0,2024-05-25 18:02:49,False,False,开机工作中,0,2024-05-25
9266,30.2141,695.72,33.1438,695.818,0.0,0.0,2024-05-25 18:03:49,False,False,开机工作中,0,2024-05-25
9267,30.2141,695.784,33.1438,695.757,0.0,0.0,2024-05-25 18:04:49,False,False,开机工作中,0,2024-05-25
9268,30.2141,695.791,33.1438,695.817,0.0,0.0,2024-05-25 18:05:49,False,False,开机工作中,0,2024-05-25
9269,30.2141,695.73,33.1438,695.841,0.0,0.0,2024-05-25 18:06:49,False,False,开机工作中,0,2024-05-25
9270,30.2141,695.761,33.1438,695.854,0.0,0.0,2024-05-25 18:07:49,False,False,开机工作中,0,2024-05-25
9271,30.2141,695.731,33.1438,695.805,0.0,0.0,2024-05-25 18:08:49,False,False,开机工作中,0,2024-05-25
9272,30.2141,695.82,33.1438,695.916,0.0,0.0,2024-05-25 18:09:49,False,False,开机工作中,0,2024-05-25
9273,30.2141,695.769,33.1438,695.977,0.0,0.0,2024-05-25 18:10:49,False,False,开机工作中,0,2024-05-25
9274,30.2141,695.675,33.1438,695.943,0.0,0.0,2024-05-25 18:11:49,False,False,开机工作中,0,2024-05-25
9275,30.2141,695.652,33.1438,695.892,0.0,0.0,2024-05-25 18:12:49,False,False,开机工作中,0,2024-05-25
9276,30.2141,695.658,33.1438,695.738,0.0,0.0,2024-05-25 18:13:49,False,False,开机工作中,0,2024-05-25
9277,30.2141,695.766,33.1438,695.849,0.0,0.0,2024-05-25 18:14:49,False,False,开机工作中,0,2024-05-25
9278,30.2141,695.75,33.1438,695.829,0.0,0.0,2024-05-25 18:15:49,False,False,开机工作中,0,2024-05-25
9279,30.2141,695.901,33.1438,695.812,0.0,0.0,2024-05-25 18:16:49,False,False,开机工作中,0,2024-05-25
9280,30.2141,695.684,33.1438,695.884,0.0,0.0,2024-05-25 18:17:49,False,False,开机工作中,0,2024-05-25
9281,30.2141,695.825,33.1438,695.802,0.0,0.0,2024-05-25 18:18:49,False,False,开机工作中,0,2024-05-25
9282,30.2141,695.729,33.1438,695.909,0.0,0.0,2024-05-25 18:19:49,False,False,开机工作中,0,2024-05-25
9283,30.2141,695.824,33.1438,695.722,0.0,0.0,2024-05-25 18:20:49,False,False,开机工作中,0,2024-05-25
9284,30.2141,695.811,33.1438,695.865,0.0,0.0,2024-05-25 18:21:49,False,False,开机工作中,0,2024-05-25
9285,30.2141,695.617,33.1438,695.779,0.0,0.0,2024-05-25 18:22:49,False,False,开机工作中,0,2024-05-25
9286,30.2141,695.6,33.1438,695.743,0.0,0.0,2024-05-25 18:23:49,False,False,开机工作中,0,2024-05-25
9287,30.2141,695.77,33.1438,695.807,0.0,0.0,2024-05-25 18:24:49,False,False,开机工作中,0,2024-05-25
9288,30.2141,695.848,33.1438,695.706,0.0,0.0,2024-05-25 18:25:49,False,False,开机工作中,0,2024-05-25
9289,30.2141,695.688,33.1438,695.781,0.0,0.0,2024-05-25 18:26:49,False,False,开机工作中,0,2024-05-25
9290,30.2141,695.696,33.1438,695.809,0.0,0.0,2024-05-25 18:27:49,False,False,开机工作中,0,2024-05-25
9291,30.2141,695.79,33.1438,695.882,0.0,0.0,2024-05-25 18:28:49,False,False,开机工作中,0,2024-05-25
9292,30.2141,695.762,33.1438,695.833,0.0,0.0,2024-05-25 18:29:49,False,False,开机工作中,0,2024-05-25
9293,30.2141,695.783,33.1438,695.898,0.0,0.0,2024-05-25 18:30:49,False,False,开机工作中,0,2024-05-25
9294,30.2141,695.699,33.1438,695.888,0.0,0.0,2024-05-25 18:31:49,False,False,开机工作中,0,2024-05-25
9295,30.2141,695.779,33.1438,695.95,0.0,0.0,2024-05-25 18:32:49,False,False,开机工作中,0,2024-05-25
9296,30.2141,695.759,33.1438,695.797,0.0,0.0,2024-05-25 18:33:49,False,False,开机工作中,0,2024-05-25
9297,30.2141,695.831,33.1438,695.889,0.0,0.0,2024-05-25 18:34:49,False,False,开机工作中,0,2024-05-25
9298,30.2141,695.768,33.1438,695.968,0.0,0.0,2024-05-25 18:35:49,False,False,开机工作中,0,2024-05-25
9299,30.2141,695.767,33.1438,695.863,0.0,0.0,2024-05-25 18:36:49,False,False,开机工作中,0,2024-05-25
9300,30.2141,695.618,33.1438,695.89,0.0,0.0,2024-05-25 18:37:49,False,False,开机工作中,0,2024-05-25
9301,30.2141,695.769,33.1438,695.861,0.0,0.0,2024-05-25 18:38:49,False,False,开机工作中,0,2024-05-25
9302,30.2141,695.643,33.1438,695.856,0.0,0.0,2024-05-25 18:39:49,False,False,开机工作中,0,2024-05-25
9303,30.2141,695.688,33.1438,695.862,0.0,0.0,2024-05-25 18:40:49,False,False,开机工作中,0,2024-05-25
9304,30.2141,695.639,33.1438,695.774,0.0,0.0,2024-05-25 18:41:49,False,False,开机工作中,0,2024-05-25
9305,30.2141,695.695,33.1438,695.773,0.0,0.0,2024-05-25 18:42:49,False,False,开机工作中,0,2024-05-25
9306,30.2141,695.787,33.1438,695.892,0.0,0.0,2024-05-25 18:43:49,False,False,开机工作中,0,2024-05-25
9307,30.2141,695.793,33.1438,695.76,0.0,0.0,2024-05-25 18:44:49,False,False,开机工作中,0,2024-05-25
9308,30.2141,695.724,33.1438,695.83,0.0,0.0,2024-05-25 18:45:49,False,False,开机工作中,0,2024-05-25
9309,30.2141,695.789,33.1438,695.818,0.0,0.0,2024-05-25 18:46:49,False,False,开机工作中,0,2024-05-25
9310,30.2141,695.722,33.1438,695.835,0.0,0.0,2024-05-25 18:47:49,False,False,开机工作中,0,2024-05-25
9311,30.2141,695.787,33.1438,695.884,0.0,0.0,2024-05-25 18:48:49,False,False,开机工作中,0,2024-05-25
9312,30.2141,695.782,33.1438,695.872,0.0,0.0,2024-05-25 18:49:49,False,False,开机工作中,0,2024-05-25
9313,30.2141,695.673,33.1438,695.816,0.0,0.0,2024-05-25 18:50:49,False,False,开机工作中,0,2024-05-25
9314,30.2141,695.726,33.1438,695.791,0.0,0.0,2024-05-25 18:51:49,False,False,开机工作中,0,2024-05-25
9315,30.2141,695.702,33.1438,695.799,0.0,0.0,2024-05-25 18:52:49,False,False,开机工作中,0,2024-05-25
9316,30.2141,695.7,33.1438,695.711,0.0,0.0,2024-05-25 18:53:49,False,False,开机工作中,0,2024-05-25
9317,30.2141,695.797,33.1438,695.833,0.0,0.0,2024-05-25 18:54:49,False,False,开机工作中,0,2024-05-25
9318,30.2141,695.847,33.1214,695.855,0.0,0.0,2024-05-25 18:55:49,False,False,开机工作中,0,2024-05-25
9319,30.2141,695.634,33.1214,695.796,0.0,0.0,2024-05-25 18:56:49,False,False,开机工作中,0,2024-05-25
9320,30.2141,695.74,33.1214,695.746,0.0,0.0,2024-05-25 18:57:49,False,False,开机工作中,0,2024-05-25
9321,30.2141,695.689,33.1214,695.79,0.0,0.0,2024-05-25 18:58:49,False,False,开机工作中,0,2024-05-25
9322,30.2141,695.787,33.1214,695.822,0.0,0.0,2024-05-25 19:00:49,False,False,开机工作中,0,2024-05-25
9323,30.2141,695.7,33.1214,695.803,0.0,0.0,2024-05-25 19:01:49,False,False,开机工作中,0,2024-05-25
9324,30.2141,695.628,33.1214,695.872,0.0,0.0,2024-05-25 19:02:49,False,False,开机工作中,0,2024-05-25
9325,30.2141,695.562,33.1214,695.734,0.0,0.0,2024-05-25 19:03:49,False,False,开机工作中,0,2024-05-25
9326,30.2141,695.275,33.1214,694.879,0.0,56.5537,2024-05-25 19:04:49,False,False,开机工作中,0,2024-05-25
9327,30.2141,695.337,33.1214,694.43,0.0,62.7024,2024-05-25 19:05:49,False,False,开机工作中,0,2024-05-25
9328,30.2141,695.345,33.1214,694.909,0.0,56.3991,2024-05-25 19:06:49,False,False,开机工作中,0,2024-05-25
9329,30.2141,695.362,33.1214,694.876,0.0,56.3698,2024-05-25 19:07:49,False,False,开机工作中,0,2024-05-25
9330,30.2141,695.413,33.1214,694.817,0.0,56.4254,2024-05-25 19:08:49,False,False,开机工作中,0,2024-05-25
9331,30.2141,695.33,33.1214,694.733,0.0,56.3007,2024-05-25 19:09:49,False,False,开机工作中,0,2024-05-25
9332,30.2141,695.262,33.1214,694.922,0.0,56.3617,2024-05-25 19:10:49,False,False,开机工作中,0,2024-05-25
9333,30.2141,695.398,33.1214,694.862,0.0,56.3197,2024-05-25 19:11:49,False,False,开机工作中,0,2024-05-25
9334,30.2141,695.442,33.1214,694.529,0.0,59.6647,2024-05-25 19:12:49,False,False,开机工作中,0,2024-05-25
9335,30.2141,695.412,33.1214,694.868,0.0,56.2151,2024-05-25 19:13:49,False,False,开机工作中,0,2024-05-25
9336,30.2141,695.314,33.1214,694.719,0.0,56.2614,2024-05-25 19:14:49,False,False,开机工作中,0,2024-05-25
9337,30.2141,695.392,33.1214,694.758,0.0,60.0955,2024-05-25 19:15:49,False,False,开机工作中,0,2024-05-25
9338,30.2141,695.745,33.1214,695.708,0.0,0.0,2024-05-25 19:16:49,False,False,开机工作中,0,2024-05-25
9339,30.2141,694.814,33.1214,695.472,55.6064,0.0,2024-05-25 19:17:49,False,False,开机工作中,0,2024-05-25
9340,29.6326,695.702,31.9809,695.689,0.0,0.0,2024-05-25 19:18:49,False,False,开机工作中,0,2024-05-25
9341,29.6326,695.741,31.9809,695.813,0.0,0.0,2024-05-25 19:19:49,False,False,开机工作中,0,2024-05-25
9342,29.6326,695.828,31.9809,695.783,0.0,0.0,2024-05-25 19:20:49,False,False,开机工作中,0,2024-05-25
9343,29.6326,695.678,31.9809,695.725,0.0,0.0,2024-05-25 19:21:49,False,False,开机工作中,0,2024-05-25
9344,29.6326,694.547,31.9809,694.57,55.5364,56.1345,2024-05-25 19:22:49,False,有电流,开机工作中,0,2024-05-25
9345,20.8436,693.803,23.0129,694.012,69.9037,69.1552,2024-05-25 19:23:49,False,False,开机工作中,0,2024-05-25
9346,14.4922,694.485,16.5049,694.545,55.3145,56.1752,2024-05-25 19:24:49,False,False,开机工作中,0,2024-05-25
9347,14.4922,694.527,16.5049,694.449,55.3216,56.1368,2024-05-25 19:25:49,False,False,开机工作中,0,2024-05-25
9348,14.4922,695.565,16.5049,695.083,0.0,56.1024,2024-05-25 19:26:49,False,无电流,开机工作中,0,2024-05-25
9349,14.4922,695.359,16.5049,694.748,0.0,56.0173,2024-05-25 19:27:49,False,False,开机工作中,0,2024-05-25
9350,14.4922,695.307,16.5049,694.79,0.0,56.3397,2024-05-25 19:28:49,False,False,开机工作中,0,2024-05-25
9351,14.4922,694.497,16.5049,694.56,55.3599,56.2103,2024-05-25 19:29:49,False,有电流,开机工作中,0,2024-05-25
9352,14.4922,694.299,16.5049,694.341,55.2342,56.2076,2024-05-25 19:30:49,False,False,开机工作中,0,2024-05-25
9353,14.4922,694.346,16.5049,694.578,55.2784,56.1505,2024-05-25 19:31:49,False,False,开机工作中,0,2024-05-25
9354,10.8021,693.591,12.8149,693.598,78.7725,77.6002,2024-05-25 19:32:49,征服者起吊,False,开机工作中,0,2024-05-25
9355,-9.81751,693.149,-7.73766,693.371,86.2964,85.3858,2024-05-25 19:33:49,False,False,开机工作中,0,2024-05-25
9356,-33.9259,693.679,-31.8237,693.649,71.3858,73.055,2024-05-25 19:34:49,False,False,开机工作中,0,2024-05-25
9357,-34.731,694.508,-32.8301,693.847,55.3531,66.1743,2024-05-25 19:35:49,False,False,开机工作中,0,2024-05-25
9358,-25.6736,692.999,-23.8398,693.144,94.3328,93.3243,2024-05-25 19:36:49,False,False,开机工作中,0,2024-05-25
9359,0.693584,693.015,2.66162,693.062,95.795,94.5178,2024-05-25 19:37:49,征服者入水,False,开机工作中,0,2024-05-25
9360,29.0735,694.468,8.02898,694.477,55.3038,56.208,2024-05-25 19:38:49,缆绳解除,False,开机工作中,0,2024-05-25
9361,-10.9357,693.264,-8.92295,693.306,85.8223,84.9967,2024-05-25 19:39:49,A架摆回,False,开机工作中,0,2024-05-25
9362,-35.4467,693.417,-33.6576,693.399,81.882,81.1739,2024-05-25 19:40:49,False,False,开机工作中,0,2024-05-25
9363,-46.159,695.36,-43.699,694.693,0.0,56.4036,2024-05-25 19:41:49,False,无电流,开机工作中,0,2024-05-25
9364,-46.1814,695.482,-43.699,695.637,0.0,0.0,2024-05-25 19:42:49,False,False,开机工作中,0,2024-05-25
9365,-46.1814,695.456,-43.699,695.627,0.0,0.0,2024-05-25 19:43:49,False,False,开机工作中,0,2024-05-25
9366,-46.1814,695.681,-43.699,695.745,0.0,0.0,2024-05-25 19:44:49,False,False,开机工作中,0,2024-05-25
9367,-46.1814,695.514,-43.699,695.647,0.0,0.0,2024-05-25 19:45:49,False,False,开机工作中,0,2024-05-25
9368,-46.2038,695.681,-43.699,695.739,0.0,0.0,2024-05-25 19:46:49,False,False,开机工作中,0,2024-05-25
9369,-46.2038,695.652,-43.6766,695.841,0.0,0.0,2024-05-25 19:47:49,False,False,开机工作中,0,2024-05-25
9370,-46.2038,695.547,-43.6766,695.841,0.0,0.0,2024-05-25 19:48:49,False,False,开机工作中,0,2024-05-25
9371,-46.2038,695.611,-43.6766,695.672,0.0,0.0,2024-05-25 19:49:49,False,False,开机工作中,0,2024-05-25
9372,-46.2038,695.712,-43.6766,695.609,0.0,0.0,2024-05-25 19:50:49,False,False,开机工作中,0,2024-05-25
9373,-46.2261,695.644,-43.6766,695.629,0.0,0.0,2024-05-25 19:51:49,False,False,开机工作中,0,2024-05-25
9374,-46.2261,695.619,-43.6766,695.634,0.0,0.0,2024-05-25 19:52:49,False,False,开机工作中,0,2024-05-25
9375,-46.2261,695.666,-43.6766,695.738,0.0,0.0,2024-05-25 19:53:49,False,False,开机工作中,0,2024-05-25
9376,-46.2261,695.601,-43.6766,695.701,0.0,0.0,2024-05-25 19:54:49,False,False,开机工作中,0,2024-05-25
9377,-46.2261,695.712,-43.6766,695.823,0.0,0.0,2024-05-25 19:55:49,False,False,开机工作中,0,2024-05-25
9378,-46.2485,695.606,-43.6766,695.89,0.0,0.0,2024-05-25 19:56:49,False,False,开机工作中,0,2024-05-25
9379,-46.2485,695.669,-43.6766,695.723,0.0,0.0,2024-05-25 19:57:49,False,False,开机工作中,0,2024-05-25
9380,-46.2485,695.603,-43.6766,695.699,0.0,0.0,2024-05-25 19:58:49,False,False,开机工作中,0,2024-05-25
9381,error,error,error,error,-1.0,-1.0,2024-05-25 23:00:49,A架关机,False,开机工作中,0,2024-05-25
9382,error,error,error,error,-1.0,-1.0,2024-05-25 23:01:49,False,False,未工作,0,2024-05-25
9383,error,error,error,error,-1.0,-1.0,2024-05-25 23:02:49,False,False,未工作,0,2024-05-25
9384,error,error,error,error,-1.0,-1.0,2024-05-25 23:03:49,False,False,未工作,0,2024-05-25
9385,error,error,error,error,-1.0,-1.0,2024-05-25 23:04:49,False,False,未工作,0,2024-05-25
9386,error,error,error,error,-1.0,-1.0,2024-05-25 23:05:49,False,False,未工作,0,2024-05-25
9387,error,error,error,error,-1.0,-1.0,2024-05-25 23:06:49,False,False,未工作,0,2024-05-25
9388,error,error,error,error,-1.0,-1.0,2024-05-25 23:07:49,False,False,未工作,0,2024-05-25
9389,error,error,error,error,-1.0,-1.0,2024-05-25 23:08:49,False,False,未工作,0,2024-05-25
9390,error,error,error,error,-1.0,-1.0,2024-05-25 23:09:49,False,False,未工作,0,2024-05-25
9391,error,error,error,error,-1.0,-1.0,2024-05-25 23:10:49,False,False,未工作,0,2024-05-25
9392,error,error,error,error,-1.0,-1.0,2024-05-25 23:11:49,False,False,未工作,0,2024-05-25
9393,error,error,error,error,-1.0,-1.0,2024-05-25 23:12:49,False,False,未工作,0,2024-05-25
9394,error,error,error,error,-1.0,-1.0,2024-05-25 23:13:49,False,False,未工作,0,2024-05-25
9395,error,error,error,error,-1.0,-1.0,2024-05-25 23:14:49,False,False,未工作,0,2024-05-25
9396,error,error,error,error,-1.0,-1.0,2024-05-25 23:15:49,False,False,未工作,0,2024-05-25
9397,error,error,error,error,-1.0,-1.0,2024-05-25 23:16:49,False,False,未工作,0,2024-05-25
9398,error,error,error,error,-1.0,-1.0,2024-05-25 23:17:49,False,False,未工作,0,2024-05-25
9399,error,error,error,error,-1.0,-1.0,2024-05-25 23:18:49,False,False,未工作,0,2024-05-25
9400,error,error,error,error,-1.0,-1.0,2024-05-25 23:19:49,False,False,未工作,0,2024-05-25
9401,error,error,error,error,-1.0,-1.0,2024-05-25 23:20:49,False,False,未工作,0,2024-05-25
9402,error,error,error,error,-1.0,-1.0,2024-05-25 23:21:49,False,False,未工作,0,2024-05-25
9403,error,error,error,error,-1.0,-1.0,2024-05-25 23:22:49,False,False,未工作,0,2024-05-25
9404,error,error,error,error,-1.0,-1.0,2024-05-25 23:23:49,False,False,未工作,0,2024-05-25
9405,error,error,error,error,-1.0,-1.0,2024-05-25 23:24:49,False,False,未工作,0,2024-05-25
9406,error,error,error,error,-1.0,-1.0,2024-05-25 23:25:49,False,False,未工作,0,2024-05-25
9407,error,error,error,error,-1.0,-1.0,2024-05-25 23:26:49,False,False,未工作,0,2024-05-25
9408,error,error,error,error,-1.0,-1.0,2024-05-25 23:27:49,False,False,未工作,0,2024-05-25
9409,error,error,error,error,-1.0,-1.0,2024-05-25 23:28:49,False,False,未工作,0,2024-05-25
9410,error,error,error,error,-1.0,-1.0,2024-05-25 23:29:49,False,False,未工作,0,2024-05-25
9411,error,error,error,error,-1.0,-1.0,2024-05-25 23:30:49,False,False,未工作,0,2024-05-25
9412,error,error,error,error,-1.0,-1.0,2024-05-25 23:31:49,False,False,未工作,0,2024-05-25
9413,error,error,error,error,-1.0,-1.0,2024-05-25 23:32:49,False,False,未工作,0,2024-05-25
9414,error,error,error,error,-1.0,-1.0,2024-05-25 23:33:49,False,False,未工作,0,2024-05-25
9415,error,error,error,error,-1.0,-1.0,2024-05-25 23:34:49,False,False,未工作,0,2024-05-25
9416,error,error,error,error,-1.0,-1.0,2024-05-25 23:35:49,False,False,未工作,0,2024-05-25
9417,error,error,error,error,-1.0,-1.0,2024-05-25 23:36:49,False,False,未工作,0,2024-05-25
9418,error,error,error,error,-1.0,-1.0,2024-05-25 23:37:49,False,False,未工作,0,2024-05-25
9419,error,error,error,error,-1.0,-1.0,2024-05-25 23:38:49,False,False,未工作,0,2024-05-25
9420,error,error,error,error,-1.0,-1.0,2024-05-25 23:39:49,False,False,未工作,0,2024-05-25
9421,error,error,error,error,-1.0,-1.0,2024-05-25 23:40:49,False,False,未工作,0,2024-05-25
9422,error,error,error,error,-1.0,-1.0,2024-05-25 23:41:49,False,False,未工作,0,2024-05-25
9423,error,error,error,error,-1.0,-1.0,2024-05-25 23:42:49,False,False,未工作,0,2024-05-25
9424,error,error,error,error,-1.0,-1.0,2024-05-25 23:43:49,False,False,未工作,0,2024-05-25
9425,error,error,error,error,-1.0,-1.0,2024-05-25 23:44:49,False,False,未工作,0,2024-05-25
9426,error,error,error,error,-1.0,-1.0,2024-05-25 23:45:49,False,False,未工作,0,2024-05-25
9427,error,error,error,error,-1.0,-1.0,2024-05-25 23:46:49,False,False,未工作,0,2024-05-25
9428,error,error,error,error,-1.0,-1.0,2024-05-25 23:47:49,False,False,未工作,0,2024-05-25
9429,error,error,error,error,-1.0,-1.0,2024-05-25 23:48:49,False,False,未工作,0,2024-05-25
9430,error,error,error,error,-1.0,-1.0,2024-05-25 23:49:49,False,False,未工作,0,2024-05-25
9431,error,error,error,error,-1.0,-1.0,2024-05-25 23:50:49,False,False,未工作,0,2024-05-25
9432,error,error,error,error,-1.0,-1.0,2024-05-25 23:51:49,False,False,未工作,0,2024-05-25
9433,error,error,error,error,-1.0,-1.0,2024-05-25 23:52:49,False,False,未工作,0,2024-05-25
9434,error,error,error,error,-1.0,-1.0,2024-05-25 23:53:49,False,False,未工作,0,2024-05-25
9435,error,error,error,error,-1.0,-1.0,2024-05-25 23:54:49,False,False,未工作,0,2024-05-25
9436,error,error,error,error,-1.0,-1.0,2024-05-25 23:55:49,False,False,未工作,0,2024-05-25
9437,error,error,error,error,-1.0,-1.0,2024-05-25 23:56:49,False,False,未工作,0,2024-05-25
9438,error,error,error,error,-1.0,-1.0,2024-05-25 23:57:49,False,False,未工作,0,2024-05-25
9439,error,error,error,error,-1.0,-1.0,2024-05-25 23:58:49,False,False,未工作,0,2024-05-25
9440,error,error,error,error,-1.0,-1.0,2024-05-26 00:00:49,False,False,未工作,0,2024-05-26
9441,error,error,error,error,-1.0,-1.0,2024-05-26 00:01:49,False,False,未工作,0,2024-05-26
9442,error,error,error,error,-1.0,-1.0,2024-05-26 00:02:49,False,False,未工作,0,2024-05-26
9443,error,error,error,error,-1.0,-1.0,2024-05-26 00:03:49,False,False,未工作,0,2024-05-26
9444,error,error,error,error,-1.0,-1.0,2024-05-26 00:04:49,False,False,未工作,0,2024-05-26
9445,error,error,error,error,-1.0,-1.0,2024-05-26 00:05:49,False,False,未工作,0,2024-05-26
9446,error,error,error,error,-1.0,-1.0,2024-05-26 00:06:49,False,False,未工作,0,2024-05-26
9447,error,error,error,error,-1.0,-1.0,2024-05-26 00:07:49,False,False,未工作,0,2024-05-26
9448,error,error,error,error,-1.0,-1.0,2024-05-26 00:08:49,False,False,未工作,0,2024-05-26
9449,error,error,error,error,-1.0,-1.0,2024-05-26 00:09:49,False,False,未工作,0,2024-05-26
9450,error,error,error,error,-1.0,-1.0,2024-05-26 00:10:49,False,False,未工作,0,2024-05-26
9451,error,error,error,error,-1.0,-1.0,2024-05-26 00:11:49,False,False,未工作,0,2024-05-26
9452,error,error,error,error,-1.0,-1.0,2024-05-26 00:12:49,False,False,未工作,0,2024-05-26
9453,error,error,error,error,-1.0,-1.0,2024-05-26 00:13:49,False,False,未工作,0,2024-05-26
9454,error,error,error,error,-1.0,-1.0,2024-05-26 00:14:49,False,False,未工作,0,2024-05-26
9455,error,error,error,error,-1.0,-1.0,2024-05-26 00:15:49,False,False,未工作,0,2024-05-26
9456,error,error,error,error,-1.0,-1.0,2024-05-26 00:16:49,False,False,未工作,0,2024-05-26
9457,error,error,error,error,-1.0,-1.0,2024-05-26 00:17:49,False,False,未工作,0,2024-05-26
9458,error,error,error,error,-1.0,-1.0,2024-05-26 00:18:49,False,False,未工作,0,2024-05-26
9459,error,error,error,error,-1.0,-1.0,2024-05-26 00:19:49,False,False,未工作,0,2024-05-26
9460,error,error,error,error,-1.0,-1.0,2024-05-26 00:20:49,False,False,未工作,0,2024-05-26
9461,error,error,error,error,-1.0,-1.0,2024-05-26 00:21:49,False,False,未工作,0,2024-05-26
9462,error,error,error,error,-1.0,-1.0,2024-05-26 00:22:49,False,False,未工作,0,2024-05-26
9463,error,error,error,error,-1.0,-1.0,2024-05-26 00:23:49,False,False,未工作,0,2024-05-26
9464,error,error,error,error,-1.0,-1.0,2024-05-26 00:24:49,False,False,未工作,0,2024-05-26
9465,error,error,error,error,-1.0,-1.0,2024-05-26 00:25:49,False,False,未工作,0,2024-05-26
9466,error,error,error,error,-1.0,-1.0,2024-05-26 00:26:49,False,False,未工作,0,2024-05-26
9467,error,error,error,error,-1.0,-1.0,2024-05-26 00:27:49,False,False,未工作,0,2024-05-26
9468,error,error,error,error,-1.0,-1.0,2024-05-26 00:28:49,False,False,未工作,0,2024-05-26
9469,error,error,error,error,-1.0,-1.0,2024-05-26 00:29:49,False,False,未工作,0,2024-05-26
9470,error,error,error,error,-1.0,-1.0,2024-05-26 00:30:49,False,False,未工作,0,2024-05-26
9471,error,error,error,error,-1.0,-1.0,2024-05-26 00:31:49,False,False,未工作,0,2024-05-26
9472,error,error,error,error,-1.0,-1.0,2024-05-26 00:32:49,False,False,未工作,0,2024-05-26
9473,error,error,error,error,-1.0,-1.0,2024-05-26 00:33:49,False,False,未工作,0,2024-05-26
9474,error,error,error,error,-1.0,-1.0,2024-05-26 00:34:49,False,False,未工作,0,2024-05-26
9475,error,error,error,error,-1.0,-1.0,2024-05-26 00:35:49,False,False,未工作,0,2024-05-26
9476,error,error,error,error,-1.0,-1.0,2024-05-26 00:36:49,False,False,未工作,0,2024-05-26
9477,error,error,error,error,-1.0,-1.0,2024-05-26 00:37:49,False,False,未工作,0,2024-05-26
9478,error,error,error,error,-1.0,-1.0,2024-05-26 00:38:49,False,False,未工作,0,2024-05-26
9479,error,error,error,error,-1.0,-1.0,2024-05-26 00:39:49,False,False,未工作,0,2024-05-26
9480,error,error,error,error,-1.0,-1.0,2024-05-26 00:40:49,False,False,未工作,0,2024-05-26
9481,error,error,error,error,-1.0,-1.0,2024-05-26 00:41:49,False,False,未工作,0,2024-05-26
9482,error,error,error,error,-1.0,-1.0,2024-05-26 00:42:49,False,False,未工作,0,2024-05-26
9483,error,error,error,error,-1.0,-1.0,2024-05-26 00:43:49,False,False,未工作,0,2024-05-26
9484,error,error,error,error,-1.0,-1.0,2024-05-26 00:44:49,False,False,未工作,0,2024-05-26
9485,error,error,error,error,-1.0,-1.0,2024-05-26 00:45:49,False,False,未工作,0,2024-05-26
9486,error,error,error,error,-1.0,-1.0,2024-05-26 00:46:49,False,False,未工作,0,2024-05-26
9487,error,error,error,error,-1.0,-1.0,2024-05-26 00:47:49,False,False,未工作,0,2024-05-26
9488,error,error,error,error,-1.0,-1.0,2024-05-26 00:48:49,False,False,未工作,0,2024-05-26
9489,error,error,error,error,-1.0,-1.0,2024-05-26 00:49:49,False,False,未工作,0,2024-05-26
9490,error,error,error,error,-1.0,-1.0,2024-05-26 00:50:49,False,False,未工作,0,2024-05-26
9491,error,error,error,error,-1.0,-1.0,2024-05-26 00:51:49,False,False,未工作,0,2024-05-26
9492,error,error,error,error,-1.0,-1.0,2024-05-26 00:52:49,False,False,未工作,0,2024-05-26
9493,error,error,error,error,-1.0,-1.0,2024-05-26 00:53:49,False,False,未工作,0,2024-05-26
9494,error,error,error,error,-1.0,-1.0,2024-05-26 00:54:49,False,False,未工作,0,2024-05-26
9495,error,error,error,error,-1.0,-1.0,2024-05-26 00:55:49,False,False,未工作,0,2024-05-26
9496,error,error,error,error,-1.0,-1.0,2024-05-26 00:56:49,False,False,未工作,0,2024-05-26
9497,error,error,error,error,-1.0,-1.0,2024-05-26 00:57:49,False,False,未工作,0,2024-05-26
9498,error,error,error,error,-1.0,-1.0,2024-05-26 00:58:49,False,False,未工作,0,2024-05-26
9499,error,error,error,error,-1.0,-1.0,2024-05-26 01:00:49,False,False,未工作,0,2024-05-26
9500,error,error,error,error,-1.0,-1.0,2024-05-26 01:01:49,False,False,未工作,0,2024-05-26
9501,error,error,error,error,-1.0,-1.0,2024-05-26 01:02:49,False,False,未工作,0,2024-05-26
9502,error,error,error,error,-1.0,-1.0,2024-05-26 01:03:49,False,False,未工作,0,2024-05-26
9503,error,error,error,error,-1.0,-1.0,2024-05-26 01:04:49,False,False,未工作,0,2024-05-26
9504,error,error,error,error,-1.0,-1.0,2024-05-26 01:05:49,False,False,未工作,0,2024-05-26
9505,error,error,error,error,-1.0,-1.0,2024-05-26 01:06:49,False,False,未工作,0,2024-05-26
9506,error,error,error,error,-1.0,-1.0,2024-05-26 01:07:49,False,False,未工作,0,2024-05-26
9507,error,error,error,error,-1.0,-1.0,2024-05-26 01:08:49,False,False,未工作,0,2024-05-26
9508,error,error,error,error,-1.0,-1.0,2024-05-26 01:09:49,False,False,未工作,0,2024-05-26
9509,error,error,error,error,-1.0,-1.0,2024-05-26 01:10:49,False,False,未工作,0,2024-05-26
9510,error,error,error,error,-1.0,-1.0,2024-05-26 01:11:49,False,False,未工作,0,2024-05-26
9511,error,error,error,error,-1.0,-1.0,2024-05-26 01:12:49,False,False,未工作,0,2024-05-26
9512,error,error,error,error,-1.0,-1.0,2024-05-26 01:13:49,False,False,未工作,0,2024-05-26
9513,error,error,error,error,-1.0,-1.0,2024-05-26 01:14:49,False,False,未工作,0,2024-05-26
9514,error,error,error,error,-1.0,-1.0,2024-05-26 01:15:49,False,False,未工作,0,2024-05-26
9515,error,error,error,error,-1.0,-1.0,2024-05-26 01:16:49,False,False,未工作,0,2024-05-26
9516,error,error,error,error,-1.0,-1.0,2024-05-26 01:17:49,False,False,未工作,0,2024-05-26
9517,error,error,error,error,-1.0,-1.0,2024-05-26 01:18:49,False,False,未工作,0,2024-05-26
9518,error,error,error,error,-1.0,-1.0,2024-05-26 01:19:49,False,False,未工作,0,2024-05-26
9519,error,error,error,error,-1.0,-1.0,2024-05-26 01:20:49,False,False,未工作,0,2024-05-26
9520,error,error,error,error,-1.0,-1.0,2024-05-26 01:21:49,False,False,未工作,0,2024-05-26
9521,error,error,error,error,-1.0,-1.0,2024-05-26 01:22:49,False,False,未工作,0,2024-05-26
9522,error,error,error,error,-1.0,-1.0,2024-05-26 01:23:49,False,False,未工作,0,2024-05-26
9523,error,error,error,error,-1.0,-1.0,2024-05-26 01:24:49,False,False,未工作,0,2024-05-26
9524,error,error,error,error,-1.0,-1.0,2024-05-26 01:25:49,False,False,未工作,0,2024-05-26
9525,error,error,error,error,-1.0,-1.0,2024-05-26 01:26:49,False,False,未工作,0,2024-05-26
9526,error,error,error,error,-1.0,-1.0,2024-05-26 01:27:49,False,False,未工作,0,2024-05-26
9527,error,error,error,error,-1.0,-1.0,2024-05-26 01:28:49,False,False,未工作,0,2024-05-26
9528,error,error,error,error,-1.0,-1.0,2024-05-26 01:29:49,False,False,未工作,0,2024-05-26
9529,error,error,error,error,-1.0,-1.0,2024-05-26 01:30:49,False,False,未工作,0,2024-05-26
9530,error,error,error,error,-1.0,-1.0,2024-05-26 01:31:49,False,False,未工作,0,2024-05-26
9531,error,error,error,error,-1.0,-1.0,2024-05-26 01:32:49,False,False,未工作,0,2024-05-26
9532,error,error,error,error,-1.0,-1.0,2024-05-26 01:33:49,False,False,未工作,0,2024-05-26
9533,error,error,error,error,-1.0,-1.0,2024-05-26 01:34:49,False,False,未工作,0,2024-05-26
9534,error,error,error,error,-1.0,-1.0,2024-05-26 01:35:49,False,False,未工作,0,2024-05-26
9535,error,error,error,error,-1.0,-1.0,2024-05-26 01:36:49,False,False,未工作,0,2024-05-26
9536,error,error,error,error,-1.0,-1.0,2024-05-26 01:37:49,False,False,未工作,0,2024-05-26
9537,error,error,error,error,-1.0,-1.0,2024-05-26 01:38:49,False,False,未工作,0,2024-05-26
9538,error,error,error,error,-1.0,-1.0,2024-05-26 01:39:49,False,False,未工作,0,2024-05-26
9539,error,error,error,error,-1.0,-1.0,2024-05-26 01:40:49,False,False,未工作,0,2024-05-26
9540,error,error,error,error,-1.0,-1.0,2024-05-26 01:41:49,False,False,未工作,0,2024-05-26
9541,error,error,error,error,-1.0,-1.0,2024-05-26 01:42:49,False,False,未工作,0,2024-05-26
9542,error,error,error,error,-1.0,-1.0,2024-05-26 01:43:49,False,False,未工作,0,2024-05-26
9543,error,error,error,error,-1.0,-1.0,2024-05-26 01:44:49,False,False,未工作,0,2024-05-26
9544,error,error,error,error,-1.0,-1.0,2024-05-26 01:45:49,False,False,未工作,0,2024-05-26
9545,error,error,error,error,-1.0,-1.0,2024-05-26 01:46:49,False,False,未工作,0,2024-05-26
9546,error,error,error,error,-1.0,-1.0,2024-05-26 01:47:49,False,False,未工作,0,2024-05-26
9547,error,error,error,error,-1.0,-1.0,2024-05-26 01:48:49,False,False,未工作,0,2024-05-26
9548,error,error,error,error,-1.0,-1.0,2024-05-26 01:49:49,False,False,未工作,0,2024-05-26
9549,error,error,error,error,-1.0,-1.0,2024-05-26 01:50:49,False,False,未工作,0,2024-05-26
9550,error,error,error,error,-1.0,-1.0,2024-05-26 01:51:49,False,False,未工作,0,2024-05-26
9551,error,error,error,error,-1.0,-1.0,2024-05-26 01:52:49,False,False,未工作,0,2024-05-26
9552,error,error,error,error,-1.0,-1.0,2024-05-26 01:53:49,False,False,未工作,0,2024-05-26
9553,error,error,error,error,-1.0,-1.0,2024-05-26 01:54:49,False,False,未工作,0,2024-05-26
9554,error,error,error,error,-1.0,-1.0,2024-05-26 01:55:49,False,False,未工作,0,2024-05-26
9555,error,error,error,error,-1.0,-1.0,2024-05-26 01:56:49,False,False,未工作,0,2024-05-26
9556,error,error,error,error,-1.0,-1.0,2024-05-26 01:57:49,False,False,未工作,0,2024-05-26
9557,error,error,error,error,-1.0,-1.0,2024-05-26 01:58:49,False,False,未工作,0,2024-05-26
9558,error,error,error,error,-1.0,-1.0,2024-05-26 02:00:49,False,False,未工作,0,2024-05-26
9559,error,error,error,error,-1.0,-1.0,2024-05-26 02:01:49,False,False,未工作,0,2024-05-26
9560,error,error,error,error,-1.0,-1.0,2024-05-26 02:02:49,False,False,未工作,0,2024-05-26
9561,error,error,error,error,-1.0,-1.0,2024-05-26 02:03:49,False,False,未工作,0,2024-05-26
9562,error,error,error,error,-1.0,-1.0,2024-05-26 02:04:49,False,False,未工作,0,2024-05-26
9563,error,error,error,error,-1.0,-1.0,2024-05-26 02:05:49,False,False,未工作,0,2024-05-26
9564,error,error,error,error,-1.0,-1.0,2024-05-26 02:06:49,False,False,未工作,0,2024-05-26
9565,error,error,error,error,-1.0,-1.0,2024-05-26 02:07:49,False,False,未工作,0,2024-05-26
9566,error,error,error,error,-1.0,-1.0,2024-05-26 02:08:49,False,False,未工作,0,2024-05-26
9567,error,error,error,error,-1.0,-1.0,2024-05-26 02:09:49,False,False,未工作,0,2024-05-26
9568,error,error,error,error,-1.0,-1.0,2024-05-26 02:10:49,False,False,未工作,0,2024-05-26
9569,error,error,error,error,-1.0,-1.0,2024-05-26 02:11:49,False,False,未工作,0,2024-05-26
9570,error,error,error,error,-1.0,-1.0,2024-05-26 02:12:49,False,False,未工作,0,2024-05-26
9571,error,error,error,error,-1.0,-1.0,2024-05-26 02:13:49,False,False,未工作,0,2024-05-26
9572,error,error,error,error,-1.0,-1.0,2024-05-26 02:14:49,False,False,未工作,0,2024-05-26
9573,error,error,error,error,-1.0,-1.0,2024-05-26 02:15:49,False,False,未工作,0,2024-05-26
9574,error,error,error,error,-1.0,-1.0,2024-05-26 02:16:49,False,False,未工作,0,2024-05-26
9575,error,error,error,error,-1.0,-1.0,2024-05-26 02:17:49,False,False,未工作,0,2024-05-26
9576,error,error,error,error,-1.0,-1.0,2024-05-26 02:18:49,False,False,未工作,0,2024-05-26
9577,error,error,error,error,-1.0,-1.0,2024-05-26 02:19:49,False,False,未工作,0,2024-05-26
9578,error,error,error,error,-1.0,-1.0,2024-05-26 02:20:49,False,False,未工作,0,2024-05-26
9579,error,error,error,error,-1.0,-1.0,2024-05-26 02:21:49,False,False,未工作,0,2024-05-26
9580,error,error,error,error,-1.0,-1.0,2024-05-26 02:22:49,False,False,未工作,0,2024-05-26
9581,error,error,error,error,-1.0,-1.0,2024-05-26 02:23:49,False,False,未工作,0,2024-05-26
9582,error,error,error,error,-1.0,-1.0,2024-05-26 02:24:49,False,False,未工作,0,2024-05-26
9583,error,error,error,error,-1.0,-1.0,2024-05-26 02:25:49,False,False,未工作,0,2024-05-26
9584,error,error,error,error,-1.0,-1.0,2024-05-26 02:26:49,False,False,未工作,0,2024-05-26
9585,error,error,error,error,-1.0,-1.0,2024-05-26 02:27:49,False,False,未工作,0,2024-05-26
9586,error,error,error,error,-1.0,-1.0,2024-05-26 02:28:49,False,False,未工作,0,2024-05-26
9587,error,error,error,error,-1.0,-1.0,2024-05-26 02:29:49,False,False,未工作,0,2024-05-26
9588,error,error,error,error,-1.0,-1.0,2024-05-26 02:30:49,False,False,未工作,0,2024-05-26
9589,error,error,error,error,-1.0,-1.0,2024-05-26 02:31:49,False,False,未工作,0,2024-05-26
9590,error,error,error,error,-1.0,-1.0,2024-05-26 02:32:49,False,False,未工作,0,2024-05-26
9591,error,error,error,error,-1.0,-1.0,2024-05-26 02:33:49,False,False,未工作,0,2024-05-26
9592,error,error,error,error,-1.0,-1.0,2024-05-26 02:34:49,False,False,未工作,0,2024-05-26
9593,error,error,error,error,-1.0,-1.0,2024-05-26 02:35:49,False,False,未工作,0,2024-05-26
9594,error,error,error,error,-1.0,-1.0,2024-05-26 02:36:49,False,False,未工作,0,2024-05-26
9595,error,error,error,error,-1.0,-1.0,2024-05-26 02:37:49,False,False,未工作,0,2024-05-26
9596,error,error,error,error,-1.0,-1.0,2024-05-26 02:38:49,False,False,未工作,0,2024-05-26
9597,error,error,error,error,-1.0,-1.0,2024-05-26 02:39:49,False,False,未工作,0,2024-05-26
9598,error,error,error,error,-1.0,-1.0,2024-05-26 02:40:49,False,False,未工作,0,2024-05-26
9599,error,error,error,error,-1.0,-1.0,2024-05-26 02:41:49,False,False,未工作,0,2024-05-26
9600,error,error,error,error,-1.0,-1.0,2024-05-26 02:42:49,False,False,未工作,0,2024-05-26
9601,error,error,error,error,-1.0,-1.0,2024-05-26 02:43:49,False,False,未工作,0,2024-05-26
9602,error,error,error,error,-1.0,-1.0,2024-05-26 02:44:49,False,False,未工作,0,2024-05-26
9603,error,error,error,error,-1.0,-1.0,2024-05-26 02:45:49,False,False,未工作,0,2024-05-26
9604,error,error,error,error,-1.0,-1.0,2024-05-26 02:46:49,False,False,未工作,0,2024-05-26
9605,error,error,error,error,-1.0,-1.0,2024-05-26 02:47:49,False,False,未工作,0,2024-05-26
9606,error,error,error,error,-1.0,-1.0,2024-05-26 02:48:49,False,False,未工作,0,2024-05-26
9607,error,error,error,error,-1.0,-1.0,2024-05-26 02:49:49,False,False,未工作,0,2024-05-26
9608,error,error,error,error,-1.0,-1.0,2024-05-26 02:50:49,False,False,未工作,0,2024-05-26
9609,error,error,error,error,-1.0,-1.0,2024-05-26 02:51:49,False,False,未工作,0,2024-05-26
9610,error,error,error,error,-1.0,-1.0,2024-05-26 02:52:49,False,False,未工作,0,2024-05-26
9611,error,error,error,error,-1.0,-1.0,2024-05-26 02:53:49,False,False,未工作,0,2024-05-26
9612,error,error,error,error,-1.0,-1.0,2024-05-26 02:54:49,False,False,未工作,0,2024-05-26
9613,error,error,error,error,-1.0,-1.0,2024-05-26 02:55:49,False,False,未工作,0,2024-05-26
9614,error,error,error,error,-1.0,-1.0,2024-05-26 02:56:49,False,False,未工作,0,2024-05-26
9615,error,error,error,error,-1.0,-1.0,2024-05-26 02:57:49,False,False,未工作,0,2024-05-26
9616,error,error,error,error,-1.0,-1.0,2024-05-26 02:58:49,False,False,未工作,0,2024-05-26
9617,error,error,error,error,-1.0,-1.0,2024-05-26 03:00:49,False,False,未工作,0,2024-05-26
9618,error,error,error,error,-1.0,-1.0,2024-05-26 03:01:49,False,False,未工作,0,2024-05-26
9619,error,error,error,error,-1.0,-1.0,2024-05-26 03:02:49,False,False,未工作,0,2024-05-26
9620,error,error,error,error,-1.0,-1.0,2024-05-26 03:03:49,False,False,未工作,0,2024-05-26
9621,error,error,error,error,-1.0,-1.0,2024-05-26 03:04:49,False,False,未工作,0,2024-05-26
9622,error,error,error,error,-1.0,-1.0,2024-05-26 03:05:49,False,False,未工作,0,2024-05-26
9623,error,error,error,error,-1.0,-1.0,2024-05-26 03:06:49,False,False,未工作,0,2024-05-26
9624,error,error,error,error,-1.0,-1.0,2024-05-26 03:07:49,False,False,未工作,0,2024-05-26
9625,error,error,error,error,-1.0,-1.0,2024-05-26 03:08:49,False,False,未工作,0,2024-05-26
9626,error,error,error,error,-1.0,-1.0,2024-05-26 03:09:49,False,False,未工作,0,2024-05-26
9627,error,error,error,error,-1.0,-1.0,2024-05-26 03:10:49,False,False,未工作,0,2024-05-26
9628,error,error,error,error,-1.0,-1.0,2024-05-26 03:11:49,False,False,未工作,0,2024-05-26
9629,error,error,error,error,-1.0,-1.0,2024-05-26 03:12:49,False,False,未工作,0,2024-05-26
9630,error,error,error,error,-1.0,-1.0,2024-05-26 03:13:49,False,False,未工作,0,2024-05-26
9631,error,error,error,error,-1.0,-1.0,2024-05-26 03:14:49,False,False,未工作,0,2024-05-26
9632,error,error,error,error,-1.0,-1.0,2024-05-26 03:15:49,False,False,未工作,0,2024-05-26
9633,error,error,error,error,-1.0,-1.0,2024-05-26 03:16:49,False,False,未工作,0,2024-05-26
9634,error,error,error,error,-1.0,-1.0,2024-05-26 03:17:49,False,False,未工作,0,2024-05-26
9635,error,error,error,error,-1.0,-1.0,2024-05-26 03:18:49,False,False,未工作,0,2024-05-26
9636,error,error,error,error,-1.0,-1.0,2024-05-26 03:19:49,False,False,未工作,0,2024-05-26
9637,error,error,error,error,-1.0,-1.0,2024-05-26 03:20:49,False,False,未工作,0,2024-05-26
9638,error,error,error,error,-1.0,-1.0,2024-05-26 03:21:49,False,False,未工作,0,2024-05-26
9639,error,error,error,error,-1.0,-1.0,2024-05-26 03:22:49,False,False,未工作,0,2024-05-26
9640,error,error,error,error,-1.0,-1.0,2024-05-26 03:23:49,False,False,未工作,0,2024-05-26
9641,error,error,error,error,-1.0,-1.0,2024-05-26 03:24:49,False,False,未工作,0,2024-05-26
9642,error,error,error,error,-1.0,-1.0,2024-05-26 03:25:49,False,False,未工作,0,2024-05-26
9643,error,error,error,error,-1.0,-1.0,2024-05-26 03:26:49,False,False,未工作,0,2024-05-26
9644,error,error,error,error,-1.0,-1.0,2024-05-26 03:27:49,False,False,未工作,0,2024-05-26
9645,error,error,error,error,-1.0,-1.0,2024-05-26 03:28:49,False,False,未工作,0,2024-05-26
9646,error,error,error,error,-1.0,-1.0,2024-05-26 03:29:49,False,False,未工作,0,2024-05-26
9647,error,error,error,error,-1.0,-1.0,2024-05-26 03:30:49,False,False,未工作,0,2024-05-26
9648,error,error,error,error,-1.0,-1.0,2024-05-26 03:31:49,False,False,未工作,0,2024-05-26
9649,error,error,error,error,-1.0,-1.0,2024-05-26 03:32:49,False,False,未工作,0,2024-05-26
9650,error,error,error,error,-1.0,-1.0,2024-05-26 03:33:49,False,False,未工作,0,2024-05-26
9651,error,error,error,error,-1.0,-1.0,2024-05-26 03:34:49,False,False,未工作,0,2024-05-26
9652,error,error,error,error,-1.0,-1.0,2024-05-26 03:35:49,False,False,未工作,0,2024-05-26
9653,error,error,error,error,-1.0,-1.0,2024-05-26 03:36:49,False,False,未工作,0,2024-05-26
9654,error,error,error,error,-1.0,-1.0,2024-05-26 03:37:49,False,False,未工作,0,2024-05-26
9655,error,error,error,error,-1.0,-1.0,2024-05-26 03:38:49,False,False,未工作,0,2024-05-26
9656,error,error,error,error,-1.0,-1.0,2024-05-26 03:39:49,False,False,未工作,0,2024-05-26
9657,error,error,error,error,-1.0,-1.0,2024-05-26 03:40:49,False,False,未工作,0,2024-05-26
9658,error,error,error,error,-1.0,-1.0,2024-05-26 03:41:49,False,False,未工作,0,2024-05-26
9659,error,error,error,error,-1.0,-1.0,2024-05-26 03:42:49,False,False,未工作,0,2024-05-26
9660,error,error,error,error,-1.0,-1.0,2024-05-26 03:43:49,False,False,未工作,0,2024-05-26
9661,error,error,error,error,-1.0,-1.0,2024-05-26 03:44:49,False,False,未工作,0,2024-05-26
9662,error,error,error,error,-1.0,-1.0,2024-05-26 03:45:49,False,False,未工作,0,2024-05-26
9663,error,error,error,error,-1.0,-1.0,2024-05-26 03:46:49,False,False,未工作,0,2024-05-26
9664,error,error,error,error,-1.0,-1.0,2024-05-26 03:47:49,False,False,未工作,0,2024-05-26
9665,error,error,error,error,-1.0,-1.0,2024-05-26 03:48:49,False,False,未工作,0,2024-05-26
9666,error,error,error,error,-1.0,-1.0,2024-05-26 03:49:49,False,False,未工作,0,2024-05-26
9667,error,error,error,error,-1.0,-1.0,2024-05-26 03:50:49,False,False,未工作,0,2024-05-26
9668,error,error,error,error,-1.0,-1.0,2024-05-26 03:51:49,False,False,未工作,0,2024-05-26
9669,error,error,error,error,-1.0,-1.0,2024-05-26 03:52:49,False,False,未工作,0,2024-05-26
9670,error,error,error,error,-1.0,-1.0,2024-05-26 03:53:49,False,False,未工作,0,2024-05-26
9671,error,error,error,error,-1.0,-1.0,2024-05-26 03:54:49,False,False,未工作,0,2024-05-26
9672,error,error,error,error,-1.0,-1.0,2024-05-26 03:55:49,False,False,未工作,0,2024-05-26
9673,error,error,error,error,-1.0,-1.0,2024-05-26 03:56:49,False,False,未工作,0,2024-05-26
9674,error,error,error,error,-1.0,-1.0,2024-05-26 03:57:49,False,False,未工作,0,2024-05-26
9675,error,error,error,error,-1.0,-1.0,2024-05-26 03:58:49,False,False,未工作,0,2024-05-26
9676,error,error,error,error,-1.0,-1.0,2024-05-26 04:00:49,False,False,未工作,0,2024-05-26
9677,error,error,error,error,-1.0,-1.0,2024-05-26 04:01:49,False,False,未工作,0,2024-05-26
9678,error,error,error,error,-1.0,-1.0,2024-05-26 04:02:49,False,False,未工作,0,2024-05-26
9679,error,error,error,error,-1.0,-1.0,2024-05-26 04:03:49,False,False,未工作,0,2024-05-26
9680,error,error,error,error,-1.0,-1.0,2024-05-26 04:04:49,False,False,未工作,0,2024-05-26
9681,error,error,error,error,-1.0,-1.0,2024-05-26 04:05:49,False,False,未工作,0,2024-05-26
9682,error,error,error,error,-1.0,-1.0,2024-05-26 04:06:49,False,False,未工作,0,2024-05-26
9683,error,error,error,error,-1.0,-1.0,2024-05-26 04:07:49,False,False,未工作,0,2024-05-26
9684,error,error,error,error,-1.0,-1.0,2024-05-26 04:08:49,False,False,未工作,0,2024-05-26
9685,error,error,error,error,-1.0,-1.0,2024-05-26 04:09:49,False,False,未工作,0,2024-05-26
9686,error,error,error,error,-1.0,-1.0,2024-05-26 04:10:49,False,False,未工作,0,2024-05-26
9687,error,error,error,error,-1.0,-1.0,2024-05-26 04:11:49,False,False,未工作,0,2024-05-26
9688,error,error,error,error,-1.0,-1.0,2024-05-26 04:12:49,False,False,未工作,0,2024-05-26
9689,error,error,error,error,-1.0,-1.0,2024-05-26 04:13:49,False,False,未工作,0,2024-05-26
9690,error,error,error,error,-1.0,-1.0,2024-05-26 04:14:48,False,False,未工作,0,2024-05-26
9691,error,error,error,error,-1.0,-1.0,2024-05-26 04:15:49,False,False,未工作,0,2024-05-26
9692,error,error,error,error,-1.0,-1.0,2024-05-26 04:16:49,False,False,未工作,0,2024-05-26
9693,error,error,error,error,-1.0,-1.0,2024-05-26 04:17:49,False,False,未工作,0,2024-05-26
9694,error,error,error,error,-1.0,-1.0,2024-05-26 04:18:49,False,False,未工作,0,2024-05-26
9695,error,error,error,error,-1.0,-1.0,2024-05-26 04:19:49,False,False,未工作,0,2024-05-26
9696,error,error,error,error,-1.0,-1.0,2024-05-26 04:20:49,False,False,未工作,0,2024-05-26
9697,error,error,error,error,-1.0,-1.0,2024-05-26 04:21:49,False,False,未工作,0,2024-05-26
9698,error,error,error,error,-1.0,-1.0,2024-05-26 04:22:49,False,False,未工作,0,2024-05-26
9699,error,error,error,error,-1.0,-1.0,2024-05-26 04:23:49,False,False,未工作,0,2024-05-26
9700,error,error,error,error,-1.0,-1.0,2024-05-26 04:24:49,False,False,未工作,0,2024-05-26
9701,error,error,error,error,-1.0,-1.0,2024-05-26 04:25:49,False,False,未工作,0,2024-05-26
9702,error,error,error,error,-1.0,-1.0,2024-05-26 04:26:49,False,False,未工作,0,2024-05-26
9703,error,error,error,error,-1.0,-1.0,2024-05-26 04:27:49,False,False,未工作,0,2024-05-26
9704,error,error,error,error,-1.0,-1.0,2024-05-26 04:28:49,False,False,未工作,0,2024-05-26
9705,error,error,error,error,-1.0,-1.0,2024-05-26 04:29:49,False,False,未工作,0,2024-05-26
9706,error,error,error,error,-1.0,-1.0,2024-05-26 04:30:49,False,False,未工作,0,2024-05-26
9707,error,error,error,error,-1.0,-1.0,2024-05-26 04:31:49,False,False,未工作,0,2024-05-26
9708,error,error,error,error,-1.0,-1.0,2024-05-26 04:32:49,False,False,未工作,0,2024-05-26
9709,error,error,error,error,-1.0,-1.0,2024-05-26 04:33:49,False,False,未工作,0,2024-05-26
9710,error,error,error,error,-1.0,-1.0,2024-05-26 04:34:49,False,False,未工作,0,2024-05-26
9711,error,error,error,error,-1.0,-1.0,2024-05-26 04:35:49,False,False,未工作,0,2024-05-26
9712,error,error,error,error,-1.0,-1.0,2024-05-26 04:36:49,False,False,未工作,0,2024-05-26
9713,error,error,error,error,-1.0,-1.0,2024-05-26 04:37:49,False,False,未工作,0,2024-05-26
9714,error,error,error,error,-1.0,-1.0,2024-05-26 04:38:49,False,False,未工作,0,2024-05-26
9715,error,error,error,error,-1.0,-1.0,2024-05-26 04:39:49,False,False,未工作,0,2024-05-26
9716,error,error,error,error,-1.0,-1.0,2024-05-26 04:40:49,False,False,未工作,0,2024-05-26
9717,error,error,error,error,-1.0,-1.0,2024-05-26 04:41:49,False,False,未工作,0,2024-05-26
9718,error,error,error,error,-1.0,-1.0,2024-05-26 04:42:49,False,False,未工作,0,2024-05-26
9719,error,error,error,error,-1.0,-1.0,2024-05-26 04:43:49,False,False,未工作,0,2024-05-26
9720,error,error,error,error,-1.0,-1.0,2024-05-26 04:44:49,False,False,未工作,0,2024-05-26
9721,error,error,error,error,-1.0,-1.0,2024-05-26 04:45:49,False,False,未工作,0,2024-05-26
9722,error,error,error,error,-1.0,-1.0,2024-05-26 04:46:49,False,False,未工作,0,2024-05-26
9723,error,error,error,error,-1.0,-1.0,2024-05-26 04:47:49,False,False,未工作,0,2024-05-26
9724,error,error,error,error,-1.0,-1.0,2024-05-26 04:48:49,False,False,未工作,0,2024-05-26
9725,error,error,error,error,-1.0,-1.0,2024-05-26 04:49:49,False,False,未工作,0,2024-05-26
9726,error,error,error,error,-1.0,-1.0,2024-05-26 04:50:49,False,False,未工作,0,2024-05-26
9727,error,error,error,error,-1.0,-1.0,2024-05-26 04:51:49,False,False,未工作,0,2024-05-26
9728,error,error,error,error,-1.0,-1.0,2024-05-26 04:52:49,False,False,未工作,0,2024-05-26
9729,error,error,error,error,-1.0,-1.0,2024-05-26 04:53:49,False,False,未工作,0,2024-05-26
9730,error,error,error,error,-1.0,-1.0,2024-05-26 04:54:49,False,False,未工作,0,2024-05-26
9731,error,error,error,error,-1.0,-1.0,2024-05-26 04:55:49,False,False,未工作,0,2024-05-26
9732,error,error,error,error,-1.0,-1.0,2024-05-26 04:56:49,False,False,未工作,0,2024-05-26
9733,error,error,error,error,-1.0,-1.0,2024-05-26 04:57:49,False,False,未工作,0,2024-05-26
9734,error,error,error,error,-1.0,-1.0,2024-05-26 04:58:49,False,False,未工作,0,2024-05-26
9735,error,error,error,error,-1.0,-1.0,2024-05-26 05:00:49,False,False,未工作,0,2024-05-26
9736,error,error,error,error,-1.0,-1.0,2024-05-26 05:01:49,False,False,未工作,0,2024-05-26
9737,error,error,error,error,-1.0,-1.0,2024-05-26 05:02:49,False,False,未工作,0,2024-05-26
9738,error,error,error,error,-1.0,-1.0,2024-05-26 05:03:49,False,False,未工作,0,2024-05-26
9739,error,error,error,error,-1.0,-1.0,2024-05-26 05:04:49,False,False,未工作,0,2024-05-26
9740,error,error,error,error,-1.0,-1.0,2024-05-26 05:05:49,False,False,未工作,0,2024-05-26
9741,error,error,error,error,-1.0,-1.0,2024-05-26 05:06:49,False,False,未工作,0,2024-05-26
9742,error,error,error,error,-1.0,-1.0,2024-05-26 05:07:49,False,False,未工作,0,2024-05-26
9743,error,error,error,error,-1.0,-1.0,2024-05-26 05:08:49,False,False,未工作,0,2024-05-26
9744,error,error,error,error,-1.0,-1.0,2024-05-26 05:09:49,False,False,未工作,0,2024-05-26
9745,error,error,error,error,-1.0,-1.0,2024-05-26 05:10:49,False,False,未工作,0,2024-05-26
9746,error,error,error,error,-1.0,-1.0,2024-05-26 05:11:49,False,False,未工作,0,2024-05-26
9747,error,error,error,error,-1.0,-1.0,2024-05-26 05:12:49,False,False,未工作,0,2024-05-26
9748,error,error,error,error,-1.0,-1.0,2024-05-26 05:13:49,False,False,未工作,0,2024-05-26
9749,error,error,error,error,-1.0,-1.0,2024-05-26 05:14:49,False,False,未工作,0,2024-05-26
9750,error,error,error,error,-1.0,-1.0,2024-05-26 05:15:49,False,False,未工作,0,2024-05-26
9751,error,error,error,error,-1.0,-1.0,2024-05-26 05:16:49,False,False,未工作,0,2024-05-26
9752,error,error,error,error,-1.0,-1.0,2024-05-26 05:17:49,False,False,未工作,0,2024-05-26
9753,error,error,error,error,-1.0,-1.0,2024-05-26 05:18:49,False,False,未工作,0,2024-05-26
9754,error,error,error,error,-1.0,-1.0,2024-05-26 05:19:49,False,False,未工作,0,2024-05-26
9755,error,error,error,error,-1.0,-1.0,2024-05-26 05:20:48,False,False,未工作,0,2024-05-26
9756,error,error,error,error,-1.0,-1.0,2024-05-26 05:21:49,False,False,未工作,0,2024-05-26
9757,error,error,error,error,-1.0,-1.0,2024-05-26 05:22:49,False,False,未工作,0,2024-05-26
9758,error,error,error,error,-1.0,-1.0,2024-05-26 05:23:49,False,False,未工作,0,2024-05-26
9759,error,error,error,error,-1.0,-1.0,2024-05-26 05:24:49,False,False,未工作,0,2024-05-26
9760,error,error,error,error,-1.0,-1.0,2024-05-26 05:25:49,False,False,未工作,0,2024-05-26
9761,error,error,error,error,-1.0,-1.0,2024-05-26 05:26:49,False,False,未工作,0,2024-05-26
9762,error,error,error,error,-1.0,-1.0,2024-05-26 05:27:49,False,False,未工作,0,2024-05-26
9763,error,error,error,error,-1.0,-1.0,2024-05-26 05:28:49,False,False,未工作,0,2024-05-26
9764,error,error,error,error,-1.0,-1.0,2024-05-26 05:29:49,False,False,未工作,0,2024-05-26
9765,error,error,error,error,-1.0,-1.0,2024-05-26 05:30:49,False,False,未工作,0,2024-05-26
9766,error,error,error,error,-1.0,-1.0,2024-05-26 05:31:49,False,False,未工作,0,2024-05-26
9767,error,error,error,error,-1.0,-1.0,2024-05-26 05:32:49,False,False,未工作,0,2024-05-26
9768,error,error,error,error,-1.0,-1.0,2024-05-26 05:33:49,False,False,未工作,0,2024-05-26
9769,error,error,error,error,-1.0,-1.0,2024-05-26 05:34:49,False,False,未工作,0,2024-05-26
9770,error,error,error,error,-1.0,-1.0,2024-05-26 05:35:49,False,False,未工作,0,2024-05-26
9771,error,error,error,error,-1.0,-1.0,2024-05-26 05:36:49,False,False,未工作,0,2024-05-26
9772,error,error,error,error,-1.0,-1.0,2024-05-26 05:37:49,False,False,未工作,0,2024-05-26
9773,error,error,error,error,-1.0,-1.0,2024-05-26 05:38:49,False,False,未工作,0,2024-05-26
9774,error,error,error,error,-1.0,-1.0,2024-05-26 05:39:49,False,False,未工作,0,2024-05-26
9775,error,error,error,error,-1.0,-1.0,2024-05-26 05:40:49,False,False,未工作,0,2024-05-26
9776,error,error,error,error,-1.0,-1.0,2024-05-26 05:41:49,False,False,未工作,0,2024-05-26
9777,error,error,error,error,-1.0,-1.0,2024-05-26 05:42:49,False,False,未工作,0,2024-05-26
9778,error,error,error,error,-1.0,-1.0,2024-05-26 05:43:49,False,False,未工作,0,2024-05-26
9779,error,error,error,error,-1.0,-1.0,2024-05-26 05:44:49,False,False,未工作,0,2024-05-26
9780,error,error,error,error,-1.0,-1.0,2024-05-26 05:45:49,False,False,未工作,0,2024-05-26
9781,error,error,error,error,-1.0,-1.0,2024-05-26 05:46:49,False,False,未工作,0,2024-05-26
9782,error,error,error,error,-1.0,-1.0,2024-05-26 05:47:49,False,False,未工作,0,2024-05-26
9783,error,error,error,error,-1.0,-1.0,2024-05-26 05:48:49,False,False,未工作,0,2024-05-26
9784,error,error,error,error,-1.0,-1.0,2024-05-26 05:49:49,False,False,未工作,0,2024-05-26
9785,error,error,error,error,-1.0,-1.0,2024-05-26 05:50:49,False,False,未工作,0,2024-05-26
9786,error,error,error,error,-1.0,-1.0,2024-05-26 05:51:49,False,False,未工作,0,2024-05-26
9787,error,error,error,error,-1.0,-1.0,2024-05-26 05:52:49,False,False,未工作,0,2024-05-26
9788,error,error,error,error,-1.0,-1.0,2024-05-26 05:53:49,False,False,未工作,0,2024-05-26
9789,error,error,error,error,-1.0,-1.0,2024-05-26 05:54:49,False,False,未工作,0,2024-05-26
9790,error,error,error,error,-1.0,-1.0,2024-05-26 05:55:49,False,False,未工作,0,2024-05-26
9791,error,error,error,error,-1.0,-1.0,2024-05-26 05:56:49,False,False,未工作,0,2024-05-26
9792,error,error,error,error,-1.0,-1.0,2024-05-26 05:57:49,False,False,未工作,0,2024-05-26
9793,error,error,error,error,-1.0,-1.0,2024-05-26 05:58:49,False,False,未工作,0,2024-05-26
9794,error,error,error,error,-1.0,-1.0,2024-05-26 06:00:49,False,False,未工作,0,2024-05-26
9795,error,error,error,error,-1.0,-1.0,2024-05-26 06:01:49,False,False,未工作,0,2024-05-26
9796,error,error,error,error,-1.0,-1.0,2024-05-26 06:02:49,False,False,未工作,0,2024-05-26
9797,error,error,error,error,-1.0,-1.0,2024-05-26 06:03:49,False,False,未工作,0,2024-05-26
9798,error,error,error,error,-1.0,-1.0,2024-05-26 06:04:49,False,False,未工作,0,2024-05-26
9799,error,error,error,error,-1.0,-1.0,2024-05-26 06:05:49,False,False,未工作,0,2024-05-26
9800,error,error,error,error,-1.0,-1.0,2024-05-26 06:06:49,False,False,未工作,0,2024-05-26
9801,error,error,error,error,-1.0,-1.0,2024-05-26 06:07:49,False,False,未工作,0,2024-05-26
9802,error,error,error,error,-1.0,-1.0,2024-05-26 06:08:49,False,False,未工作,0,2024-05-26
9803,error,error,error,error,-1.0,-1.0,2024-05-26 06:09:49,False,False,未工作,0,2024-05-26
9804,error,error,error,error,-1.0,-1.0,2024-05-26 06:10:49,False,False,未工作,0,2024-05-26
9805,error,error,error,error,-1.0,-1.0,2024-05-26 06:11:49,False,False,未工作,0,2024-05-26
9806,error,error,error,error,-1.0,-1.0,2024-05-26 06:12:49,False,False,未工作,0,2024-05-26
9807,error,error,error,error,-1.0,-1.0,2024-05-26 06:13:49,False,False,未工作,0,2024-05-26
9808,error,error,error,error,-1.0,-1.0,2024-05-26 06:14:49,False,False,未工作,0,2024-05-26
9809,error,error,error,error,-1.0,-1.0,2024-05-26 06:15:49,False,False,未工作,0,2024-05-26
9810,error,error,error,error,-1.0,-1.0,2024-05-26 06:16:49,False,False,未工作,0,2024-05-26
9811,error,error,error,error,-1.0,-1.0,2024-05-26 06:17:49,False,False,未工作,0,2024-05-26
9812,error,error,error,error,-1.0,-1.0,2024-05-26 06:18:49,False,False,未工作,0,2024-05-26
9813,error,error,error,error,-1.0,-1.0,2024-05-26 06:19:49,False,False,未工作,0,2024-05-26
9814,error,error,error,error,-1.0,-1.0,2024-05-26 06:20:48,False,False,未工作,0,2024-05-26
9815,error,error,error,error,-1.0,-1.0,2024-05-26 06:21:49,False,False,未工作,0,2024-05-26
9816,error,error,error,error,-1.0,-1.0,2024-05-26 06:22:49,False,False,未工作,0,2024-05-26
9817,error,error,error,error,-1.0,-1.0,2024-05-26 06:23:49,False,False,未工作,0,2024-05-26
9818,error,error,error,error,-1.0,-1.0,2024-05-26 06:24:49,False,False,未工作,0,2024-05-26
9819,error,error,error,error,-1.0,-1.0,2024-05-26 06:25:49,False,False,未工作,0,2024-05-26
9820,error,error,error,error,-1.0,-1.0,2024-05-26 06:26:49,False,False,未工作,0,2024-05-26
9821,error,error,error,error,-1.0,-1.0,2024-05-26 06:27:49,False,False,未工作,0,2024-05-26
9822,error,error,error,error,-1.0,-1.0,2024-05-26 06:28:49,False,False,未工作,0,2024-05-26
9823,error,error,error,error,-1.0,-1.0,2024-05-26 06:29:49,False,False,未工作,0,2024-05-26
9824,error,error,error,error,-1.0,-1.0,2024-05-26 06:30:49,False,False,未工作,0,2024-05-26
9825,error,error,error,error,-1.0,-1.0,2024-05-26 06:31:49,False,False,未工作,0,2024-05-26
9826,error,error,error,error,-1.0,-1.0,2024-05-26 06:32:49,False,False,未工作,0,2024-05-26
9827,error,error,error,error,-1.0,-1.0,2024-05-26 06:33:49,False,False,未工作,0,2024-05-26
9828,error,error,error,error,-1.0,-1.0,2024-05-26 06:34:48,False,False,未工作,0,2024-05-26
9829,error,error,error,error,-1.0,-1.0,2024-05-26 06:35:49,False,False,未工作,0,2024-05-26
9830,error,error,error,error,-1.0,-1.0,2024-05-26 06:36:49,False,False,未工作,0,2024-05-26
9831,error,error,error,error,-1.0,-1.0,2024-05-26 06:37:49,False,False,未工作,0,2024-05-26
9832,error,error,error,error,-1.0,-1.0,2024-05-26 06:38:49,False,False,未工作,0,2024-05-26
9833,error,error,error,error,-1.0,-1.0,2024-05-26 06:39:49,False,False,未工作,0,2024-05-26
9834,error,error,error,error,-1.0,-1.0,2024-05-26 06:40:49,False,False,未工作,0,2024-05-26
9835,error,error,error,error,-1.0,-1.0,2024-05-26 06:41:49,False,False,未工作,0,2024-05-26
9836,error,error,error,error,-1.0,-1.0,2024-05-26 06:42:49,False,False,未工作,0,2024-05-26
9837,error,error,error,error,-1.0,-1.0,2024-05-26 06:43:49,False,False,未工作,0,2024-05-26
9838,error,error,error,error,-1.0,-1.0,2024-05-26 06:44:49,False,False,未工作,0,2024-05-26
9839,error,error,error,error,-1.0,-1.0,2024-05-26 06:45:49,False,False,未工作,0,2024-05-26
9840,error,error,error,error,-1.0,-1.0,2024-05-26 06:46:49,False,False,未工作,0,2024-05-26
9841,error,error,error,error,-1.0,-1.0,2024-05-26 06:47:49,False,False,未工作,0,2024-05-26
9842,error,error,error,error,-1.0,-1.0,2024-05-26 06:48:49,False,False,未工作,0,2024-05-26
9843,error,error,error,error,-1.0,-1.0,2024-05-26 06:49:49,False,False,未工作,0,2024-05-26
9844,error,error,error,error,-1.0,-1.0,2024-05-26 06:50:49,False,False,未工作,0,2024-05-26
9845,error,error,error,error,-1.0,-1.0,2024-05-26 06:51:49,False,False,未工作,0,2024-05-26
9846,error,error,error,error,-1.0,-1.0,2024-05-26 06:52:49,False,False,未工作,0,2024-05-26
9847,error,error,error,error,-1.0,-1.0,2024-05-26 06:53:49,False,False,未工作,0,2024-05-26
9848,error,error,error,error,-1.0,-1.0,2024-05-26 06:54:49,False,False,未工作,0,2024-05-26
9849,error,error,error,error,-1.0,-1.0,2024-05-26 06:55:49,False,False,未工作,0,2024-05-26
9850,error,error,error,error,-1.0,-1.0,2024-05-26 06:56:49,False,False,未工作,0,2024-05-26
9851,error,error,error,error,-1.0,-1.0,2024-05-26 06:57:49,False,False,未工作,0,2024-05-26
9852,error,error,error,error,-1.0,-1.0,2024-05-26 06:58:49,False,False,未工作,0,2024-05-26
9853,error,error,error,error,-1.0,-1.0,2024-05-26 07:00:49,False,False,未工作,0,2024-05-26
9854,error,error,error,error,-1.0,-1.0,2024-05-26 07:01:49,False,False,未工作,0,2024-05-26
9855,error,error,error,error,-1.0,-1.0,2024-05-26 07:02:49,False,False,未工作,0,2024-05-26
9856,error,error,error,error,-1.0,-1.0,2024-05-26 07:03:49,False,False,未工作,0,2024-05-26
9857,error,error,error,error,-1.0,-1.0,2024-05-26 07:04:49,False,False,未工作,0,2024-05-26
9858,error,error,error,error,-1.0,-1.0,2024-05-26 07:05:49,False,False,未工作,0,2024-05-26
9859,error,error,error,error,-1.0,-1.0,2024-05-26 07:06:49,False,False,未工作,0,2024-05-26
9860,error,error,error,error,-1.0,-1.0,2024-05-26 07:07:49,False,False,未工作,0,2024-05-26
9861,error,error,error,error,-1.0,-1.0,2024-05-26 07:08:49,False,False,未工作,0,2024-05-26
9862,error,error,error,error,-1.0,-1.0,2024-05-26 07:09:49,False,False,未工作,0,2024-05-26
9863,error,error,error,error,-1.0,-1.0,2024-05-26 07:10:49,False,False,未工作,0,2024-05-26
9864,error,error,error,error,-1.0,-1.0,2024-05-26 07:11:49,False,False,未工作,0,2024-05-26
9865,error,error,error,error,-1.0,-1.0,2024-05-26 07:12:49,False,False,未工作,0,2024-05-26
9866,error,error,error,error,-1.0,-1.0,2024-05-26 07:13:49,False,False,未工作,0,2024-05-26
9867,error,error,error,error,-1.0,-1.0,2024-05-26 07:14:49,False,False,未工作,0,2024-05-26
9868,error,error,error,error,-1.0,-1.0,2024-05-26 07:15:49,False,False,未工作,0,2024-05-26
9869,error,error,error,error,-1.0,-1.0,2024-05-26 07:16:49,False,False,未工作,0,2024-05-26
9870,error,error,error,error,-1.0,-1.0,2024-05-26 07:17:49,False,False,未工作,0,2024-05-26
9871,error,error,error,error,-1.0,-1.0,2024-05-26 07:18:49,False,False,未工作,0,2024-05-26
9872,error,error,error,error,-1.0,-1.0,2024-05-26 07:19:48,False,False,未工作,0,2024-05-26
9873,error,error,error,error,-1.0,-1.0,2024-05-26 07:20:49,False,False,未工作,0,2024-05-26
9874,error,error,error,error,-1.0,-1.0,2024-05-26 07:21:49,False,False,未工作,0,2024-05-26
9875,error,error,error,error,-1.0,-1.0,2024-05-26 07:22:49,False,False,未工作,0,2024-05-26
9876,error,error,error,error,-1.0,-1.0,2024-05-26 07:23:49,False,False,未工作,0,2024-05-26
9877,error,error,error,error,-1.0,-1.0,2024-05-26 07:24:49,False,False,未工作,0,2024-05-26
9878,error,error,error,error,-1.0,-1.0,2024-05-26 07:25:49,False,False,未工作,0,2024-05-26
9879,30.1246,694.619,33.7923,694.849,0.0,0.0,2024-05-26 07:26:49,A架开机,False,开机工作中,0,2024-05-26
9880,30.1246,694.622,33.7923,694.904,0.0,0.0,2024-05-26 07:27:49,False,False,开机工作中,0,2024-05-26
9881,30.1246,694.656,33.7923,694.798,0.0,0.0,2024-05-26 07:28:49,False,False,开机工作中,0,2024-05-26
9882,30.1246,694.68,33.7923,694.774,0.0,0.0,2024-05-26 07:29:49,False,False,开机工作中,0,2024-05-26
9883,30.1246,694.829,33.7923,695.029,0.0,0.0,2024-05-26 07:30:49,False,False,开机工作中,0,2024-05-26
9884,30.1246,694.94,33.7923,695.186,0.0,0.0,2024-05-26 07:31:49,False,False,开机工作中,0,2024-05-26
9885,30.1246,694.985,33.7923,695.114,0.0,0.0,2024-05-26 07:32:49,False,False,开机工作中,0,2024-05-26
9886,30.1246,694.988,33.7923,695.204,0.0,0.0,2024-05-26 07:33:48,False,False,开机工作中,0,2024-05-26
9887,30.1246,695.089,33.7923,695.217,0.0,0.0,2024-05-26 07:34:48,False,False,开机工作中,0,2024-05-26
9888,30.1246,695.035,33.7923,695.263,0.0,0.0,2024-05-26 07:35:49,False,False,开机工作中,0,2024-05-26
9889,30.1246,695.109,33.7923,695.256,0.0,0.0,2024-05-26 07:36:49,False,False,开机工作中,0,2024-05-26
9890,30.1246,695.131,33.7923,695.314,0.0,0.0,2024-05-26 07:37:49,False,False,开机工作中,0,2024-05-26
9891,30.1246,695.083,33.7923,695.39,0.0,0.0,2024-05-26 07:38:49,False,False,开机工作中,0,2024-05-26
9892,30.1246,695,33.7923,695.252,0.0,0.0,2024-05-26 07:39:49,False,False,开机工作中,0,2024-05-26
9893,30.1246,695.113,33.7923,695.284,0.0,0.0,2024-05-26 07:40:49,False,False,开机工作中,0,2024-05-26
9894,30.1246,695.155,33.7923,695.285,0.0,0.0,2024-05-26 07:41:49,False,False,开机工作中,0,2024-05-26
9895,30.1246,695.159,33.7923,695.325,0.0,0.0,2024-05-26 07:42:49,False,False,开机工作中,0,2024-05-26
9896,30.1246,695.361,33.7923,695.487,0.0,0.0,2024-05-26 07:43:49,False,False,开机工作中,0,2024-05-26
9897,30.1246,695.283,33.7923,695.446,0.0,0.0,2024-05-26 07:44:49,False,False,开机工作中,0,2024-05-26
9898,30.1246,695.39,33.7923,695.541,0.0,0.0,2024-05-26 07:45:49,False,False,开机工作中,0,2024-05-26
9899,30.1246,695.295,33.7923,695.485,0.0,0.0,2024-05-26 07:46:48,False,False,开机工作中,0,2024-05-26
9900,30.1246,695.308,33.7923,695.427,0.0,0.0,2024-05-26 07:47:48,False,False,开机工作中,0,2024-05-26
9901,30.1246,695.265,33.7923,695.398,0.0,0.0,2024-05-26 07:48:48,False,False,开机工作中,0,2024-05-26
9902,30.1246,695.199,33.7923,695.253,0.0,0.0,2024-05-26 07:49:49,False,False,开机工作中,0,2024-05-26
9903,30.1246,695.25,33.7923,695.334,0.0,0.0,2024-05-26 07:50:48,False,False,开机工作中,0,2024-05-26
9904,30.1246,695.417,33.7923,695.502,0.0,0.0,2024-05-26 07:51:49,False,False,开机工作中,0,2024-05-26
9905,30.1246,695.438,33.7923,695.548,0.0,0.0,2024-05-26 07:52:49,False,False,开机工作中,0,2024-05-26
9906,30.1246,695.42,33.7923,695.484,0.0,0.0,2024-05-26 07:53:49,False,False,开机工作中,0,2024-05-26
9907,30.1246,695.358,33.7923,695.53,0.0,0.0,2024-05-26 07:54:49,False,False,开机工作中,0,2024-05-26
9908,30.1246,695.416,33.7923,695.629,0.0,0.0,2024-05-26 07:55:49,False,False,开机工作中,0,2024-05-26
9909,30.1246,695.372,33.7923,695.613,0.0,0.0,2024-05-26 07:56:49,False,False,开机工作中,0,2024-05-26
9910,30.1246,695.448,33.7923,695.648,0.0,0.0,2024-05-26 07:57:49,False,False,开机工作中,0,2024-05-26
9911,30.1246,694.387,33.7923,695.147,56.0703,0.0,2024-05-26 07:58:49,False,False,开机工作中,0,2024-05-26
9912,32.4058,695.261,35.1789,695.417,0.0,0.0,2024-05-26 09:00:48,False,False,开机工作中,0,2024-05-26
9913,32.4058,695.338,35.1789,695.508,0.0,0.0,2024-05-26 09:01:49,False,False,开机工作中,0,2024-05-26
9914,32.4058,695.402,35.1789,695.371,0.0,0.0,2024-05-26 09:02:49,False,False,开机工作中,0,2024-05-26
9915,32.4058,695.242,35.1789,695.703,0.0,0.0,2024-05-26 09:03:48,False,False,开机工作中,0,2024-05-26
9916,32.4058,695.484,35.1789,695.432,0.0,0.0,2024-05-26 09:04:48,False,False,开机工作中,0,2024-05-26
9917,32.4058,695.343,35.1789,695.316,0.0,0.0,2024-05-26 09:05:49,False,False,开机工作中,0,2024-05-26
9918,32.4058,695.447,35.1789,695.424,0.0,0.0,2024-05-26 09:06:49,False,False,开机工作中,0,2024-05-26
9919,32.4058,695.398,35.1789,695.351,0.0,0.0,2024-05-26 09:07:49,False,False,开机工作中,0,2024-05-26
9920,32.4058,695.363,35.1789,695.406,0.0,0.0,2024-05-26 09:08:49,False,False,开机工作中,0,2024-05-26
9921,32.4058,695.415,35.1789,695.458,0.0,0.0,2024-05-26 09:09:49,False,False,开机工作中,0,2024-05-26
9922,32.4058,695.472,35.1789,695.503,0.0,0.0,2024-05-26 09:10:49,False,False,开机工作中,0,2024-05-26
9923,32.4058,695.339,35.1789,695.531,0.0,0.0,2024-05-26 09:11:49,False,False,开机工作中,0,2024-05-26
9924,32.4058,695.812,35.1789,695.958,0.0,0.0,2024-05-26 09:12:48,False,False,开机工作中,0,2024-05-26
9925,32.4058,695.448,35.1789,695.544,0.0,0.0,2024-05-26 09:13:48,False,False,开机工作中,0,2024-05-26
9926,32.4058,695.486,35.1789,695.416,0.0,0.0,2024-05-26 09:14:48,False,False,开机工作中,0,2024-05-26
9927,32.4058,695.487,35.1789,695.585,0.0,0.0,2024-05-26 09:15:49,False,False,开机工作中,0,2024-05-26
9928,32.4058,695.248,35.1789,695.303,0.0,0.0,2024-05-26 09:16:49,False,False,开机工作中,0,2024-05-26
9929,32.4058,695.426,35.1789,695.383,0.0,0.0,2024-05-26 09:17:49,False,False,开机工作中,0,2024-05-26
9930,32.4058,695.406,35.1789,695.431,0.0,0.0,2024-05-26 09:18:49,False,False,开机工作中,0,2024-05-26
9931,32.4058,695.537,35.1789,695.533,0.0,0.0,2024-05-26 09:19:49,False,False,开机工作中,0,2024-05-26
9932,32.4058,695.354,35.1789,695.317,0.0,0.0,2024-05-26 09:20:49,False,False,开机工作中,0,2024-05-26
9933,32.4058,695.387,35.1789,695.506,0.0,0.0,2024-05-26 09:21:49,False,False,开机工作中,0,2024-05-26
9934,32.4058,695.54,35.1789,695.568,0.0,0.0,2024-05-26 09:22:49,False,False,开机工作中,0,2024-05-26
9935,32.4058,695.459,35.1789,695.329,0.0,0.0,2024-05-26 09:23:48,False,False,开机工作中,0,2024-05-26
9936,32.4058,695.479,35.1789,695.54,0.0,0.0,2024-05-26 09:24:49,False,False,开机工作中,0,2024-05-26
9937,32.4058,695.543,35.1789,695.65,0.0,0.0,2024-05-26 09:25:49,False,False,开机工作中,0,2024-05-26
9938,32.4058,695.414,35.1789,695.451,0.0,0.0,2024-05-26 09:26:48,False,False,开机工作中,0,2024-05-26
9939,32.4058,695.579,35.1789,695.558,0.0,0.0,2024-05-26 09:27:48,False,False,开机工作中,0,2024-05-26
9940,32.4058,695.407,35.1789,695.415,0.0,0.0,2024-05-26 09:28:48,False,False,开机工作中,0,2024-05-26
9941,32.4058,695.341,35.1789,695.389,0.0,0.0,2024-05-26 09:29:48,False,False,开机工作中,0,2024-05-26
9942,32.4058,695.343,35.1789,695.394,0.0,0.0,2024-05-26 09:30:48,False,False,开机工作中,0,2024-05-26
9943,32.4058,695.459,35.1789,695.485,0.0,0.0,2024-05-26 09:31:48,False,False,开机工作中,0,2024-05-26
9944,32.4058,695.757,35.1789,695.739,0.0,0.0,2024-05-26 09:32:49,False,False,开机工作中,0,2024-05-26
9945,32.4058,695.73,35.1789,695.887,0.0,0.0,2024-05-26 09:33:49,False,False,开机工作中,0,2024-05-26
9946,32.4058,695.673,35.1789,695.819,0.0,0.0,2024-05-26 09:34:49,False,False,开机工作中,0,2024-05-26
9947,32.4058,695.514,35.1789,695.67,0.0,0.0,2024-05-26 09:35:49,False,False,开机工作中,0,2024-05-26
9948,32.4058,695.491,35.1789,695.691,0.0,0.0,2024-05-26 09:36:49,False,False,开机工作中,0,2024-05-26
9949,32.4058,695.555,35.1789,695.631,0.0,0.0,2024-05-26 09:37:49,False,False,开机工作中,0,2024-05-26
9950,32.4058,695.473,35.1789,695.682,0.0,0.0,2024-05-26 09:38:49,False,False,开机工作中,0,2024-05-26
9951,error,error,error,error,-1.0,-1.0,2024-05-26 09:39:49,A架关机,False,开机工作中,0,2024-05-26
9952,error,error,error,error,-1.0,-1.0,2024-05-26 09:40:49,False,False,未工作,0,2024-05-26
9953,error,error,error,error,-1.0,-1.0,2024-05-26 09:41:49,False,False,未工作,0,2024-05-26
9954,error,error,error,error,-1.0,-1.0,2024-05-26 09:42:48,False,False,未工作,0,2024-05-26
9955,error,error,error,error,-1.0,-1.0,2024-05-26 09:43:49,False,False,未工作,0,2024-05-26
9956,error,error,error,error,-1.0,-1.0,2024-05-26 09:44:49,False,False,未工作,0,2024-05-26
9957,error,error,error,error,-1.0,-1.0,2024-05-26 09:45:49,False,False,未工作,0,2024-05-26
9958,error,error,error,error,-1.0,-1.0,2024-05-26 09:46:49,False,False,未工作,0,2024-05-26
9959,error,error,error,error,-1.0,-1.0,2024-05-26 09:47:49,False,False,未工作,0,2024-05-26
9960,error,error,error,error,-1.0,-1.0,2024-05-26 09:48:49,False,False,未工作,0,2024-05-26
9961,error,error,error,error,-1.0,-1.0,2024-05-26 09:49:49,False,False,未工作,0,2024-05-26
9962,error,error,error,error,-1.0,-1.0,2024-05-26 09:50:49,False,False,未工作,0,2024-05-26
9963,error,error,error,error,-1.0,-1.0,2024-05-26 09:51:48,False,False,未工作,0,2024-05-26
9964,error,error,error,error,-1.0,-1.0,2024-05-26 09:52:49,False,False,未工作,0,2024-05-26
9965,error,error,error,error,-1.0,-1.0,2024-05-26 09:53:49,False,False,未工作,0,2024-05-26
9966,error,error,error,error,-1.0,-1.0,2024-05-26 09:54:49,False,False,未工作,0,2024-05-26
9967,error,error,error,error,-1.0,-1.0,2024-05-26 09:55:49,False,False,未工作,0,2024-05-26
9968,error,error,error,error,-1.0,-1.0,2024-05-26 09:56:49,False,False,未工作,0,2024-05-26
9969,error,error,error,error,-1.0,-1.0,2024-05-26 09:57:48,False,False,未工作,0,2024-05-26
9970,error,error,error,error,-1.0,-1.0,2024-05-26 09:58:49,False,False,未工作,0,2024-05-26
9971,error,error,error,error,-1.0,-1.0,2024-05-26 10:00:49,False,False,未工作,0,2024-05-26
9972,error,error,error,error,-1.0,-1.0,2024-05-26 10:01:49,False,False,未工作,0,2024-05-26
9973,error,error,error,error,-1.0,-1.0,2024-05-26 10:02:49,False,False,未工作,0,2024-05-26
9974,error,error,error,error,-1.0,-1.0,2024-05-26 10:03:49,False,False,未工作,0,2024-05-26
9975,error,error,error,error,-1.0,-1.0,2024-05-26 10:04:49,False,False,未工作,0,2024-05-26
9976,error,error,error,error,-1.0,-1.0,2024-05-26 10:05:49,False,False,未工作,0,2024-05-26
9977,error,error,error,error,-1.0,-1.0,2024-05-26 10:06:49,False,False,未工作,0,2024-05-26
9978,error,error,error,error,-1.0,-1.0,2024-05-26 10:07:48,False,False,未工作,0,2024-05-26
9979,error,error,error,error,-1.0,-1.0,2024-05-26 10:08:49,False,False,未工作,0,2024-05-26
9980,error,error,error,error,-1.0,-1.0,2024-05-26 10:09:49,False,False,未工作,0,2024-05-26
9981,error,error,error,error,-1.0,-1.0,2024-05-26 10:10:48,False,False,未工作,0,2024-05-26
9982,error,error,error,error,-1.0,-1.0,2024-05-26 10:11:49,False,False,未工作,0,2024-05-26
9983,error,error,error,error,-1.0,-1.0,2024-05-26 10:12:49,False,False,未工作,0,2024-05-26
9984,error,error,error,error,-1.0,-1.0,2024-05-26 10:13:49,False,False,未工作,0,2024-05-26
9985,error,error,error,error,-1.0,-1.0,2024-05-26 10:14:49,False,False,未工作,0,2024-05-26
9986,error,error,error,error,-1.0,-1.0,2024-05-26 10:15:49,False,False,未工作,0,2024-05-26
9987,error,error,error,error,-1.0,-1.0,2024-05-26 10:16:49,False,False,未工作,0,2024-05-26
9988,error,error,error,error,-1.0,-1.0,2024-05-26 10:17:49,False,False,未工作,0,2024-05-26
9989,error,error,error,error,-1.0,-1.0,2024-05-26 10:18:49,False,False,未工作,0,2024-05-26
9990,error,error,error,error,-1.0,-1.0,2024-05-26 10:19:49,False,False,未工作,0,2024-05-26
9991,error,error,error,error,-1.0,-1.0,2024-05-26 10:20:49,False,False,未工作,0,2024-05-26
9992,error,error,error,error,-1.0,-1.0,2024-05-26 10:21:49,False,False,未工作,0,2024-05-26
9993,error,error,error,error,-1.0,-1.0,2024-05-26 10:22:49,False,False,未工作,0,2024-05-26
9994,error,error,error,error,-1.0,-1.0,2024-05-26 10:23:49,False,False,未工作,0,2024-05-26
9995,error,error,error,error,-1.0,-1.0,2024-05-26 10:24:49,False,False,未工作,0,2024-05-26
9996,error,error,error,error,-1.0,-1.0,2024-05-26 10:25:48,False,False,未工作,0,2024-05-26
9997,error,error,error,error,-1.0,-1.0,2024-05-26 10:26:49,False,False,未工作,0,2024-05-26
9998,error,error,error,error,-1.0,-1.0,2024-05-26 10:27:49,False,False,未工作,0,2024-05-26
9999,error,error,error,error,-1.0,-1.0,2024-05-26 10:28:49,False,False,未工作,0,2024-05-26
10000,error,error,error,error,-1.0,-1.0,2024-05-26 10:29:49,False,False,未工作,0,2024-05-26
10001,error,error,error,error,-1.0,-1.0,2024-05-26 10:30:49,False,False,未工作,0,2024-05-26
10002,error,error,error,error,-1.0,-1.0,2024-05-26 10:31:49,False,False,未工作,0,2024-05-26
10003,error,error,error,error,-1.0,-1.0,2024-05-26 10:32:49,False,False,未工作,0,2024-05-26
10004,error,error,error,error,-1.0,-1.0,2024-05-26 10:33:49,False,False,未工作,0,2024-05-26
10005,error,error,error,error,-1.0,-1.0,2024-05-26 10:34:49,False,False,未工作,0,2024-05-26
10006,error,error,error,error,-1.0,-1.0,2024-05-26 10:35:48,False,False,未工作,0,2024-05-26
10007,error,error,error,error,-1.0,-1.0,2024-05-26 10:36:49,False,False,未工作,0,2024-05-26
10008,error,error,error,error,-1.0,-1.0,2024-05-26 10:37:49,False,False,未工作,0,2024-05-26
10009,error,error,error,error,-1.0,-1.0,2024-05-26 10:38:49,False,False,未工作,0,2024-05-26
10010,error,error,error,error,-1.0,-1.0,2024-05-26 10:39:49,False,False,未工作,0,2024-05-26
10011,error,error,error,error,-1.0,-1.0,2024-05-26 10:40:49,False,False,未工作,0,2024-05-26
10012,error,error,error,error,-1.0,-1.0,2024-05-26 10:41:49,False,False,未工作,0,2024-05-26
10013,error,error,error,error,-1.0,-1.0,2024-05-26 10:42:49,False,False,未工作,0,2024-05-26
10014,error,error,error,error,-1.0,-1.0,2024-05-26 10:43:48,False,False,未工作,0,2024-05-26
10015,error,error,error,error,-1.0,-1.0,2024-05-26 10:44:49,False,False,未工作,0,2024-05-26
10016,error,error,error,error,-1.0,-1.0,2024-05-26 10:45:49,False,False,未工作,0,2024-05-26
10017,error,error,error,error,-1.0,-1.0,2024-05-26 10:46:49,False,False,未工作,0,2024-05-26
10018,error,error,error,error,-1.0,-1.0,2024-05-26 10:47:49,False,False,未工作,0,2024-05-26
10019,error,error,error,error,-1.0,-1.0,2024-05-26 10:48:49,False,False,未工作,0,2024-05-26
10020,error,error,error,error,-1.0,-1.0,2024-05-26 10:49:49,False,False,未工作,0,2024-05-26
10021,error,error,error,error,-1.0,-1.0,2024-05-26 10:50:49,False,False,未工作,0,2024-05-26
10022,error,error,error,error,-1.0,-1.0,2024-05-26 10:51:49,False,False,未工作,0,2024-05-26
10023,error,error,error,error,-1.0,-1.0,2024-05-26 10:52:49,False,False,未工作,0,2024-05-26
10024,error,error,error,error,-1.0,-1.0,2024-05-26 10:53:49,False,False,未工作,0,2024-05-26
10025,error,error,error,error,-1.0,-1.0,2024-05-26 10:54:49,False,False,未工作,0,2024-05-26
10026,error,error,error,error,-1.0,-1.0,2024-05-26 10:55:48,False,False,未工作,0,2024-05-26
10027,error,error,error,error,-1.0,-1.0,2024-05-26 10:56:49,False,False,未工作,0,2024-05-26
10028,error,error,error,error,-1.0,-1.0,2024-05-26 10:57:49,False,False,未工作,0,2024-05-26
10029,error,error,error,error,-1.0,-1.0,2024-05-26 10:58:49,False,False,未工作,0,2024-05-26
10030,error,error,error,error,-1.0,-1.0,2024-05-26 11:00:49,False,False,未工作,0,2024-05-26
10031,error,error,error,error,-1.0,-1.0,2024-05-26 11:01:49,False,False,未工作,0,2024-05-26
10032,error,error,error,error,-1.0,-1.0,2024-05-26 11:02:48,False,False,未工作,0,2024-05-26
10033,error,error,error,error,-1.0,-1.0,2024-05-26 11:03:49,False,False,未工作,0,2024-05-26
10034,error,error,error,error,-1.0,-1.0,2024-05-26 11:04:49,False,False,未工作,0,2024-05-26
10035,error,error,error,error,-1.0,-1.0,2024-05-26 11:05:49,False,False,未工作,0,2024-05-26
10036,error,error,error,error,-1.0,-1.0,2024-05-26 11:06:49,False,False,未工作,0,2024-05-26
10037,error,error,error,error,-1.0,-1.0,2024-05-26 11:07:49,False,False,未工作,0,2024-05-26
10038,error,error,error,error,-1.0,-1.0,2024-05-26 11:08:49,False,False,未工作,0,2024-05-26
10039,error,error,error,error,-1.0,-1.0,2024-05-26 11:09:49,False,False,未工作,0,2024-05-26
10040,error,error,error,error,-1.0,-1.0,2024-05-26 11:10:49,False,False,未工作,0,2024-05-26
10041,error,error,error,error,-1.0,-1.0,2024-05-26 11:11:49,False,False,未工作,0,2024-05-26
10042,error,error,error,error,-1.0,-1.0,2024-05-26 11:12:49,False,False,未工作,0,2024-05-26
10043,error,error,error,error,-1.0,-1.0,2024-05-26 11:13:49,False,False,未工作,0,2024-05-26
10044,error,error,error,error,-1.0,-1.0,2024-05-26 11:14:49,False,False,未工作,0,2024-05-26
10045,error,error,error,error,-1.0,-1.0,2024-05-26 11:15:49,False,False,未工作,0,2024-05-26
10046,error,error,error,error,-1.0,-1.0,2024-05-26 11:16:48,False,False,未工作,0,2024-05-26
10047,error,error,error,error,-1.0,-1.0,2024-05-26 11:17:48,False,False,未工作,0,2024-05-26
10048,error,error,error,error,-1.0,-1.0,2024-05-26 11:18:49,False,False,未工作,0,2024-05-26
10049,error,error,error,error,-1.0,-1.0,2024-05-26 11:19:49,False,False,未工作,0,2024-05-26
10050,error,error,error,error,-1.0,-1.0,2024-05-26 11:20:49,False,False,未工作,0,2024-05-26
10051,error,error,error,error,-1.0,-1.0,2024-05-26 11:21:49,False,False,未工作,0,2024-05-26
10052,error,error,error,error,-1.0,-1.0,2024-05-26 11:22:49,False,False,未工作,0,2024-05-26
10053,error,error,error,error,-1.0,-1.0,2024-05-26 11:23:48,False,False,未工作,0,2024-05-26
10054,error,error,error,error,-1.0,-1.0,2024-05-26 11:24:49,False,False,未工作,0,2024-05-26
10055,error,error,error,error,-1.0,-1.0,2024-05-26 11:25:49,False,False,未工作,0,2024-05-26
10056,error,error,error,error,-1.0,-1.0,2024-05-26 11:26:48,False,False,未工作,0,2024-05-26
10057,error,error,error,error,-1.0,-1.0,2024-05-26 11:27:48,False,False,未工作,0,2024-05-26
10058,error,error,error,error,-1.0,-1.0,2024-05-26 11:28:49,False,False,未工作,0,2024-05-26
10059,error,error,error,error,-1.0,-1.0,2024-05-26 11:29:49,False,False,未工作,0,2024-05-26
10060,error,error,error,error,-1.0,-1.0,2024-05-26 11:30:49,False,False,未工作,0,2024-05-26
10061,error,error,error,error,-1.0,-1.0,2024-05-26 11:31:49,False,False,未工作,0,2024-05-26
10062,error,error,error,error,-1.0,-1.0,2024-05-26 11:32:49,False,False,未工作,0,2024-05-26
10063,error,error,error,error,-1.0,-1.0,2024-05-26 11:33:48,False,False,未工作,0,2024-05-26
10064,error,error,error,error,-1.0,-1.0,2024-05-26 11:34:49,False,False,未工作,0,2024-05-26
10065,error,error,error,error,-1.0,-1.0,2024-05-26 11:35:48,False,False,未工作,0,2024-05-26
10066,error,error,error,error,-1.0,-1.0,2024-05-26 11:36:49,False,False,未工作,0,2024-05-26
10067,error,error,error,error,-1.0,-1.0,2024-05-26 11:37:49,False,False,未工作,0,2024-05-26
10068,error,error,error,error,-1.0,-1.0,2024-05-26 11:38:49,False,False,未工作,0,2024-05-26
10069,error,error,error,error,-1.0,-1.0,2024-05-26 11:39:49,False,False,未工作,0,2024-05-26
10070,error,error,error,error,-1.0,-1.0,2024-05-26 11:40:49,False,False,未工作,0,2024-05-26
10071,error,error,error,error,-1.0,-1.0,2024-05-26 11:41:49,False,False,未工作,0,2024-05-26
10072,error,error,error,error,-1.0,-1.0,2024-05-26 11:42:49,False,False,未工作,0,2024-05-26
10073,error,error,error,error,-1.0,-1.0,2024-05-26 11:43:48,False,False,未工作,0,2024-05-26
10074,error,error,error,error,-1.0,-1.0,2024-05-26 11:44:48,False,False,未工作,0,2024-05-26
10075,error,error,error,error,-1.0,-1.0,2024-05-26 11:45:48,False,False,未工作,0,2024-05-26
10076,error,error,error,error,-1.0,-1.0,2024-05-26 11:46:49,False,False,未工作,0,2024-05-26
10077,error,error,error,error,-1.0,-1.0,2024-05-26 11:47:48,False,False,未工作,0,2024-05-26
10078,error,error,error,error,-1.0,-1.0,2024-05-26 11:48:49,False,False,未工作,0,2024-05-26
10079,error,error,error,error,-1.0,-1.0,2024-05-26 11:49:48,False,False,未工作,0,2024-05-26
10080,error,error,error,error,-1.0,-1.0,2024-05-26 11:50:49,False,False,未工作,0,2024-05-26
10081,error,error,error,error,-1.0,-1.0,2024-05-26 11:51:49,False,False,未工作,0,2024-05-26
10082,error,error,error,error,-1.0,-1.0,2024-05-26 11:52:49,False,False,未工作,0,2024-05-26
10083,error,error,error,error,-1.0,-1.0,2024-05-26 11:53:49,False,False,未工作,0,2024-05-26
10084,error,error,error,error,-1.0,-1.0,2024-05-26 11:54:49,False,False,未工作,0,2024-05-26
10085,error,error,error,error,-1.0,-1.0,2024-05-26 11:55:49,False,False,未工作,0,2024-05-26
10086,error,error,error,error,-1.0,-1.0,2024-05-26 11:56:49,False,False,未工作,0,2024-05-26
10087,error,error,error,error,-1.0,-1.0,2024-05-26 11:57:48,False,False,未工作,0,2024-05-26
10088,error,error,error,error,-1.0,-1.0,2024-05-26 11:58:49,False,False,未工作,0,2024-05-26
10089,error,error,error,error,-1.0,-1.0,2024-05-26 12:00:49,False,False,未工作,0,2024-05-26
10090,error,error,error,error,-1.0,-1.0,2024-05-26 12:01:49,False,False,未工作,0,2024-05-26
10091,error,error,error,error,-1.0,-1.0,2024-05-26 12:02:49,False,False,未工作,0,2024-05-26
10092,error,error,error,error,-1.0,-1.0,2024-05-26 12:03:49,False,False,未工作,0,2024-05-26
10093,error,error,error,error,-1.0,-1.0,2024-05-26 12:04:49,False,False,未工作,0,2024-05-26
10094,error,error,error,error,-1.0,-1.0,2024-05-26 12:05:49,False,False,未工作,0,2024-05-26
10095,error,error,error,error,-1.0,-1.0,2024-05-26 12:06:48,False,False,未工作,0,2024-05-26
10096,error,error,error,error,-1.0,-1.0,2024-05-26 12:07:48,False,False,未工作,0,2024-05-26
10097,error,error,error,error,-1.0,-1.0,2024-05-26 12:08:49,False,False,未工作,0,2024-05-26
10098,error,error,error,error,-1.0,-1.0,2024-05-26 12:09:49,False,False,未工作,0,2024-05-26
10099,error,error,error,error,-1.0,-1.0,2024-05-26 12:10:49,False,False,未工作,0,2024-05-26
10100,error,error,error,error,-1.0,-1.0,2024-05-26 12:11:48,False,False,未工作,0,2024-05-26
10101,error,error,error,error,-1.0,-1.0,2024-05-26 12:12:49,False,False,未工作,0,2024-05-26
10102,error,error,error,error,-1.0,-1.0,2024-05-26 12:13:49,False,False,未工作,0,2024-05-26
10103,error,error,error,error,-1.0,-1.0,2024-05-26 12:14:49,False,False,未工作,0,2024-05-26
10104,error,error,error,error,-1.0,-1.0,2024-05-26 12:15:49,False,False,未工作,0,2024-05-26
10105,error,error,error,error,-1.0,-1.0,2024-05-26 12:16:49,False,False,未工作,0,2024-05-26
10106,error,error,error,error,-1.0,-1.0,2024-05-26 12:17:49,False,False,未工作,0,2024-05-26
10107,error,error,error,error,-1.0,-1.0,2024-05-26 12:18:49,False,False,未工作,0,2024-05-26
10108,error,error,error,error,-1.0,-1.0,2024-05-26 12:19:48,False,False,未工作,0,2024-05-26
10109,error,error,error,error,-1.0,-1.0,2024-05-26 12:20:49,False,False,未工作,0,2024-05-26
10110,error,error,error,error,-1.0,-1.0,2024-05-26 12:21:49,False,False,未工作,0,2024-05-26
10111,error,error,error,error,-1.0,-1.0,2024-05-26 12:22:48,False,False,未工作,0,2024-05-26
10112,error,error,error,error,-1.0,-1.0,2024-05-26 12:23:49,False,False,未工作,0,2024-05-26
10113,error,error,error,error,-1.0,-1.0,2024-05-26 12:24:49,False,False,未工作,0,2024-05-26
10114,error,error,error,error,-1.0,-1.0,2024-05-26 12:25:49,False,False,未工作,0,2024-05-26
10115,error,error,error,error,-1.0,-1.0,2024-05-26 12:26:48,False,False,未工作,0,2024-05-26
10116,error,error,error,error,-1.0,-1.0,2024-05-26 12:27:49,False,False,未工作,0,2024-05-26
10117,error,error,error,error,-1.0,-1.0,2024-05-26 12:28:49,False,False,未工作,0,2024-05-26
10118,error,error,error,error,-1.0,-1.0,2024-05-26 12:29:49,False,False,未工作,0,2024-05-26
10119,error,error,error,error,-1.0,-1.0,2024-05-26 12:30:49,False,False,未工作,0,2024-05-26
10120,error,error,error,error,-1.0,-1.0,2024-05-26 12:31:49,False,False,未工作,0,2024-05-26
10121,error,error,error,error,-1.0,-1.0,2024-05-26 12:32:49,False,False,未工作,0,2024-05-26
10122,error,error,error,error,-1.0,-1.0,2024-05-26 12:33:49,False,False,未工作,0,2024-05-26
10123,error,error,error,error,-1.0,-1.0,2024-05-26 12:34:49,False,False,未工作,0,2024-05-26
10124,error,error,error,error,-1.0,-1.0,2024-05-26 12:35:49,False,False,未工作,0,2024-05-26
10125,error,error,error,error,-1.0,-1.0,2024-05-26 12:36:49,False,False,未工作,0,2024-05-26
10126,error,error,error,error,-1.0,-1.0,2024-05-26 12:37:48,False,False,未工作,0,2024-05-26
10127,error,error,error,error,-1.0,-1.0,2024-05-26 12:38:49,False,False,未工作,0,2024-05-26
10128,error,error,error,error,-1.0,-1.0,2024-05-26 12:39:49,False,False,未工作,0,2024-05-26
10129,error,error,error,error,-1.0,-1.0,2024-05-26 12:40:49,False,False,未工作,0,2024-05-26
10130,error,error,error,error,-1.0,-1.0,2024-05-26 12:41:49,False,False,未工作,0,2024-05-26
10131,error,error,error,error,-1.0,-1.0,2024-05-26 12:42:49,False,False,未工作,0,2024-05-26
10132,error,error,error,error,-1.0,-1.0,2024-05-26 12:43:48,False,False,未工作,0,2024-05-26
10133,error,error,error,error,-1.0,-1.0,2024-05-26 12:44:49,False,False,未工作,0,2024-05-26
10134,error,error,error,error,-1.0,-1.0,2024-05-26 12:45:48,False,False,未工作,0,2024-05-26
10135,error,error,error,error,-1.0,-1.0,2024-05-26 12:46:49,False,False,未工作,0,2024-05-26
10136,error,error,error,error,-1.0,-1.0,2024-05-26 12:47:49,False,False,未工作,0,2024-05-26
10137,error,error,error,error,-1.0,-1.0,2024-05-26 12:48:49,False,False,未工作,0,2024-05-26
10138,error,error,error,error,-1.0,-1.0,2024-05-26 12:49:49,False,False,未工作,0,2024-05-26
10139,error,error,error,error,-1.0,-1.0,2024-05-26 12:50:49,False,False,未工作,0,2024-05-26
10140,error,error,error,error,-1.0,-1.0,2024-05-26 12:51:49,False,False,未工作,0,2024-05-26
10141,error,error,error,error,-1.0,-1.0,2024-05-26 12:52:48,False,False,未工作,0,2024-05-26
10142,error,error,error,error,-1.0,-1.0,2024-05-26 12:53:49,False,False,未工作,0,2024-05-26
10143,error,error,error,error,-1.0,-1.0,2024-05-26 12:54:49,False,False,未工作,0,2024-05-26
10144,error,error,error,error,-1.0,-1.0,2024-05-26 12:55:49,False,False,未工作,0,2024-05-26
10145,error,error,error,error,-1.0,-1.0,2024-05-26 12:56:48,False,False,未工作,0,2024-05-26
10146,error,error,error,error,-1.0,-1.0,2024-05-26 12:57:49,False,False,未工作,0,2024-05-26
10147,error,error,error,error,-1.0,-1.0,2024-05-26 12:58:48,False,False,未工作,0,2024-05-26
10148,error,error,error,error,-1.0,-1.0,2024-05-26 13:00:49,False,False,未工作,0,2024-05-26
10149,error,error,error,error,-1.0,-1.0,2024-05-26 13:01:48,False,False,未工作,0,2024-05-26
10150,error,error,error,error,-1.0,-1.0,2024-05-26 13:02:48,False,False,未工作,0,2024-05-26
10151,error,error,error,error,-1.0,-1.0,2024-05-26 13:03:49,False,False,未工作,0,2024-05-26
10152,error,error,error,error,-1.0,-1.0,2024-05-26 13:04:48,False,False,未工作,0,2024-05-26
10153,error,error,error,error,-1.0,-1.0,2024-05-26 13:05:49,False,False,未工作,0,2024-05-26
10154,error,error,error,error,-1.0,-1.0,2024-05-26 13:06:49,False,False,未工作,0,2024-05-26
10155,error,error,error,error,-1.0,-1.0,2024-05-26 13:07:49,False,False,未工作,0,2024-05-26
10156,error,error,error,error,-1.0,-1.0,2024-05-26 13:08:49,False,False,未工作,0,2024-05-26
10157,error,error,error,error,-1.0,-1.0,2024-05-26 13:09:48,False,False,未工作,0,2024-05-26
10158,error,error,error,error,-1.0,-1.0,2024-05-26 13:10:48,False,False,未工作,0,2024-05-26
10159,error,error,error,error,-1.0,-1.0,2024-05-26 13:11:48,False,False,未工作,0,2024-05-26
10160,error,error,error,error,-1.0,-1.0,2024-05-26 13:12:49,False,False,未工作,0,2024-05-26
10161,error,error,error,error,-1.0,-1.0,2024-05-26 13:13:49,False,False,未工作,0,2024-05-26
10162,error,error,error,error,-1.0,-1.0,2024-05-26 13:14:49,False,False,未工作,0,2024-05-26
10163,error,error,error,error,-1.0,-1.0,2024-05-26 13:15:49,False,False,未工作,0,2024-05-26
10164,error,error,error,error,-1.0,-1.0,2024-05-26 13:16:48,False,False,未工作,0,2024-05-26
10165,error,error,error,error,-1.0,-1.0,2024-05-26 13:17:49,False,False,未工作,0,2024-05-26
10166,error,error,error,error,-1.0,-1.0,2024-05-26 13:18:49,False,False,未工作,0,2024-05-26
10167,error,error,error,error,-1.0,-1.0,2024-05-26 13:19:49,False,False,未工作,0,2024-05-26
10168,error,error,error,error,-1.0,-1.0,2024-05-26 13:20:48,False,False,未工作,0,2024-05-26
10169,error,error,error,error,-1.0,-1.0,2024-05-26 13:21:49,False,False,未工作,0,2024-05-26
10170,error,error,error,error,-1.0,-1.0,2024-05-26 13:22:49,False,False,未工作,0,2024-05-26
10171,error,error,error,error,-1.0,-1.0,2024-05-26 13:23:49,False,False,未工作,0,2024-05-26
10172,error,error,error,error,-1.0,-1.0,2024-05-26 13:24:49,False,False,未工作,0,2024-05-26
10173,error,error,error,error,-1.0,-1.0,2024-05-26 13:25:49,False,False,未工作,0,2024-05-26
10174,error,error,error,error,-1.0,-1.0,2024-05-26 13:26:48,False,False,未工作,0,2024-05-26
10175,error,error,error,error,-1.0,-1.0,2024-05-26 13:27:48,False,False,未工作,0,2024-05-26
10176,error,error,error,error,-1.0,-1.0,2024-05-26 13:28:49,False,False,未工作,0,2024-05-26
10177,error,error,error,error,-1.0,-1.0,2024-05-26 13:29:49,False,False,未工作,0,2024-05-26
10178,error,error,error,error,-1.0,-1.0,2024-05-26 13:30:49,False,False,未工作,0,2024-05-26
10179,error,error,error,error,-1.0,-1.0,2024-05-26 13:31:49,False,False,未工作,0,2024-05-26
10180,error,error,error,error,-1.0,-1.0,2024-05-26 13:32:49,False,False,未工作,0,2024-05-26
10181,error,error,error,error,-1.0,-1.0,2024-05-26 13:33:48,False,False,未工作,0,2024-05-26
10182,error,error,error,error,-1.0,-1.0,2024-05-26 13:34:49,False,False,未工作,0,2024-05-26
10183,error,error,error,error,-1.0,-1.0,2024-05-26 13:35:49,False,False,未工作,0,2024-05-26
10184,error,error,error,error,-1.0,-1.0,2024-05-26 13:36:49,False,False,未工作,0,2024-05-26
10185,error,error,error,error,-1.0,-1.0,2024-05-26 13:37:49,False,False,未工作,0,2024-05-26
10186,error,error,error,error,-1.0,-1.0,2024-05-26 13:38:49,False,False,未工作,0,2024-05-26
10187,error,error,error,error,-1.0,-1.0,2024-05-26 13:39:49,False,False,未工作,0,2024-05-26
10188,error,error,error,error,-1.0,-1.0,2024-05-26 13:40:48,False,False,未工作,0,2024-05-26
10189,error,error,error,error,-1.0,-1.0,2024-05-26 13:41:48,False,False,未工作,0,2024-05-26
10190,error,error,error,error,-1.0,-1.0,2024-05-26 13:42:48,False,False,未工作,0,2024-05-26
10191,error,error,error,error,-1.0,-1.0,2024-05-26 13:43:49,False,False,未工作,0,2024-05-26
10192,error,error,error,error,-1.0,-1.0,2024-05-26 13:44:49,False,False,未工作,0,2024-05-26
10193,error,error,error,error,-1.0,-1.0,2024-05-26 13:45:49,False,False,未工作,0,2024-05-26
10194,error,error,error,error,-1.0,-1.0,2024-05-26 13:46:49,False,False,未工作,0,2024-05-26
10195,error,error,error,error,-1.0,-1.0,2024-05-26 13:47:49,False,False,未工作,0,2024-05-26
10196,error,error,error,error,-1.0,-1.0,2024-05-26 13:48:49,False,False,未工作,0,2024-05-26
10197,error,error,error,error,-1.0,-1.0,2024-05-26 13:49:49,False,False,未工作,0,2024-05-26
10198,error,error,error,error,-1.0,-1.0,2024-05-26 13:50:49,False,False,未工作,0,2024-05-26
10199,error,error,error,error,-1.0,-1.0,2024-05-26 13:51:49,False,False,未工作,0,2024-05-26
10200,error,error,error,error,-1.0,-1.0,2024-05-26 13:52:49,False,False,未工作,0,2024-05-26
10201,error,error,error,error,-1.0,-1.0,2024-05-26 13:53:49,False,False,未工作,0,2024-05-26
10202,error,error,error,error,-1.0,-1.0,2024-05-26 13:54:48,False,False,未工作,0,2024-05-26
10203,error,error,error,error,-1.0,-1.0,2024-05-26 13:55:49,False,False,未工作,0,2024-05-26
10204,error,error,error,error,-1.0,-1.0,2024-05-26 13:56:48,False,False,未工作,0,2024-05-26
10205,error,error,error,error,-1.0,-1.0,2024-05-26 13:57:49,False,False,未工作,0,2024-05-26
10206,error,error,error,error,-1.0,-1.0,2024-05-26 13:58:49,False,False,未工作,0,2024-05-26
10207,error,error,error,error,-1.0,-1.0,2024-05-26 14:00:48,False,False,未工作,0,2024-05-26
10208,error,error,error,error,-1.0,-1.0,2024-05-26 14:01:49,False,False,未工作,0,2024-05-26
10209,error,error,error,error,-1.0,-1.0,2024-05-26 14:02:48,False,False,未工作,0,2024-05-26
10210,error,error,error,error,-1.0,-1.0,2024-05-26 14:03:49,False,False,未工作,0,2024-05-26
10211,error,error,error,error,-1.0,-1.0,2024-05-26 14:04:48,False,False,未工作,0,2024-05-26
10212,error,error,error,error,-1.0,-1.0,2024-05-26 14:05:49,False,False,未工作,0,2024-05-26
10213,error,error,error,error,-1.0,-1.0,2024-05-26 14:06:49,False,False,未工作,0,2024-05-26
10214,error,error,error,error,-1.0,-1.0,2024-05-26 14:07:48,False,False,未工作,0,2024-05-26
10215,error,error,error,error,-1.0,-1.0,2024-05-26 14:08:49,False,False,未工作,0,2024-05-26
10216,error,error,error,error,-1.0,-1.0,2024-05-26 14:09:49,False,False,未工作,0,2024-05-26
10217,error,error,error,error,-1.0,-1.0,2024-05-26 14:10:49,False,False,未工作,0,2024-05-26
10218,error,error,error,error,-1.0,-1.0,2024-05-26 14:11:48,False,False,未工作,0,2024-05-26
10219,error,error,error,error,-1.0,-1.0,2024-05-26 14:12:49,False,False,未工作,0,2024-05-26
10220,error,error,error,error,-1.0,-1.0,2024-05-26 14:13:49,False,False,未工作,0,2024-05-26
10221,error,error,error,error,-1.0,-1.0,2024-05-26 14:14:49,False,False,未工作,0,2024-05-26
10222,error,error,error,error,-1.0,-1.0,2024-05-26 14:15:49,False,False,未工作,0,2024-05-26
10223,error,error,error,error,-1.0,-1.0,2024-05-26 14:16:49,False,False,未工作,0,2024-05-26
10224,error,error,error,error,-1.0,-1.0,2024-05-26 14:17:48,False,False,未工作,0,2024-05-26
10225,error,error,error,error,-1.0,-1.0,2024-05-26 14:18:49,False,False,未工作,0,2024-05-26
10226,error,error,error,error,-1.0,-1.0,2024-05-26 14:19:49,False,False,未工作,0,2024-05-26
10227,error,error,error,error,-1.0,-1.0,2024-05-26 14:20:48,False,False,未工作,0,2024-05-26
10228,error,error,error,error,-1.0,-1.0,2024-05-26 14:21:49,False,False,未工作,0,2024-05-26
10229,error,error,error,error,-1.0,-1.0,2024-05-26 14:22:48,False,False,未工作,0,2024-05-26
10230,error,error,error,error,-1.0,-1.0,2024-05-26 14:23:49,False,False,未工作,0,2024-05-26
10231,error,error,error,error,-1.0,-1.0,2024-05-26 14:24:49,False,False,未工作,0,2024-05-26
10232,error,error,error,error,-1.0,-1.0,2024-05-26 14:25:48,False,False,未工作,0,2024-05-26
10233,error,error,error,error,-1.0,-1.0,2024-05-26 14:26:49,False,False,未工作,0,2024-05-26
10234,error,error,error,error,-1.0,-1.0,2024-05-26 14:27:49,False,False,未工作,0,2024-05-26
10235,error,error,error,error,-1.0,-1.0,2024-05-26 14:28:48,False,False,未工作,0,2024-05-26
10236,error,error,error,error,-1.0,-1.0,2024-05-26 14:29:49,False,False,未工作,0,2024-05-26
10237,error,error,error,error,-1.0,-1.0,2024-05-26 14:30:49,False,False,未工作,0,2024-05-26
10238,error,error,error,error,-1.0,-1.0,2024-05-26 14:31:48,False,False,未工作,0,2024-05-26
10239,error,error,error,error,-1.0,-1.0,2024-05-26 14:32:49,False,False,未工作,0,2024-05-26
10240,error,error,error,error,-1.0,-1.0,2024-05-26 14:33:49,False,False,未工作,0,2024-05-26
10241,error,error,error,error,-1.0,-1.0,2024-05-26 14:34:48,False,False,未工作,0,2024-05-26
10242,error,error,error,error,-1.0,-1.0,2024-05-26 14:35:48,False,False,未工作,0,2024-05-26
10243,error,error,error,error,-1.0,-1.0,2024-05-26 14:36:49,False,False,未工作,0,2024-05-26
10244,error,error,error,error,-1.0,-1.0,2024-05-26 14:37:49,False,False,未工作,0,2024-05-26
10245,error,error,error,error,-1.0,-1.0,2024-05-26 14:38:49,False,False,未工作,0,2024-05-26
10246,error,error,error,error,-1.0,-1.0,2024-05-26 14:39:49,False,False,未工作,0,2024-05-26
10247,error,error,error,error,-1.0,-1.0,2024-05-26 14:40:48,False,False,未工作,0,2024-05-26
10248,error,error,error,error,-1.0,-1.0,2024-05-26 14:41:49,False,False,未工作,0,2024-05-26
10249,error,error,error,error,-1.0,-1.0,2024-05-26 14:42:49,False,False,未工作,0,2024-05-26
10250,error,error,error,error,-1.0,-1.0,2024-05-26 14:43:49,False,False,未工作,0,2024-05-26
10251,error,error,error,error,-1.0,-1.0,2024-05-26 14:44:48,False,False,未工作,0,2024-05-26
10252,error,error,error,error,-1.0,-1.0,2024-05-26 14:45:48,False,False,未工作,0,2024-05-26
10253,error,error,error,error,-1.0,-1.0,2024-05-26 14:46:48,False,False,未工作,0,2024-05-26
10254,error,error,error,error,-1.0,-1.0,2024-05-26 14:47:48,False,False,未工作,0,2024-05-26
10255,error,error,error,error,-1.0,-1.0,2024-05-26 14:48:49,False,False,未工作,0,2024-05-26
10256,error,error,error,error,-1.0,-1.0,2024-05-26 14:49:49,False,False,未工作,0,2024-05-26
10257,error,error,error,error,-1.0,-1.0,2024-05-26 14:50:48,False,False,未工作,0,2024-05-26
10258,error,error,error,error,-1.0,-1.0,2024-05-26 14:51:48,False,False,未工作,0,2024-05-26
10259,error,error,error,error,-1.0,-1.0,2024-05-26 14:52:48,False,False,未工作,0,2024-05-26
10260,error,error,error,error,-1.0,-1.0,2024-05-26 14:53:49,False,False,未工作,0,2024-05-26
10261,32.4058,696.367,35.1789,696.286,0.0,0.0,2024-05-26 14:54:48,A架开机,False,开机工作中,0,2024-05-26
10262,32.4058,696.357,35.1789,696.434,0.0,0.0,2024-05-26 14:55:48,False,False,开机工作中,0,2024-05-26
10263,32.4058,696.425,35.1789,696.461,0.0,0.0,2024-05-26 14:56:48,False,False,开机工作中,0,2024-05-26
10264,32.4058,696.471,35.1789,696.473,0.0,0.0,2024-05-26 14:57:48,False,False,开机工作中,0,2024-05-26
10265,32.4058,696.537,35.1789,696.586,0.0,0.0,2024-05-26 14:58:48,False,False,开机工作中,0,2024-05-26
10266,32.4058,696.694,35.2013,696.645,0.0,0.0,2024-05-26 15:00:49,False,False,开机工作中,0,2024-05-26
10267,32.4058,696.693,35.2013,696.66,0.0,0.0,2024-05-26 15:01:49,False,False,开机工作中,0,2024-05-26
10268,32.4058,696.794,35.2013,696.781,0.0,0.0,2024-05-26 15:02:48,False,False,开机工作中,0,2024-05-26
10269,32.4058,696.735,35.2013,696.696,0.0,0.0,2024-05-26 15:03:49,False,False,开机工作中,0,2024-05-26
10270,32.4058,696.986,35.2013,696.949,0.0,0.0,2024-05-26 15:04:49,False,False,开机工作中,0,2024-05-26
10271,32.4058,697.005,35.2013,696.919,0.0,0.0,2024-05-26 15:05:48,False,False,开机工作中,0,2024-05-26
10272,32.4058,696.976,35.2013,696.96,0.0,0.0,2024-05-26 15:06:48,False,False,开机工作中,0,2024-05-26
10273,32.4058,696.845,35.2013,696.969,0.0,0.0,2024-05-26 15:07:48,False,False,开机工作中,0,2024-05-26
10274,32.4058,696.981,35.2013,696.981,0.0,0.0,2024-05-26 15:08:48,False,False,开机工作中,0,2024-05-26
10275,32.4058,697.005,35.2013,696.954,0.0,0.0,2024-05-26 15:09:48,False,False,开机工作中,0,2024-05-26
10276,32.4058,696.939,35.2013,697.04,0.0,0.0,2024-05-26 15:10:48,False,False,开机工作中,0,2024-05-26
10277,32.4058,697.069,35.2013,697.014,0.0,0.0,2024-05-26 15:11:48,False,False,开机工作中,0,2024-05-26
10278,32.4058,697.005,35.2013,697.124,0.0,0.0,2024-05-26 15:12:48,False,False,开机工作中,0,2024-05-26
10279,32.4058,696.921,35.2013,697.073,0.0,0.0,2024-05-26 15:13:48,False,False,开机工作中,0,2024-05-26
10280,32.4058,696.767,35.2013,696.743,0.0,0.0,2024-05-26 15:14:48,False,False,开机工作中,0,2024-05-26
10281,32.4058,697.095,35.2013,697.157,0.0,0.0,2024-05-26 15:15:48,False,False,开机工作中,0,2024-05-26
10282,32.4058,697.017,35.2013,697.088,0.0,0.0,2024-05-26 15:16:48,False,False,开机工作中,0,2024-05-26
10283,32.4058,697.048,35.2013,697.071,0.0,0.0,2024-05-26 15:17:48,False,False,开机工作中,0,2024-05-26
10284,32.4058,697.282,35.2013,697.255,0.0,0.0,2024-05-26 15:18:49,False,False,开机工作中,0,2024-05-26
10285,32.4058,697.204,35.2013,697.239,0.0,0.0,2024-05-26 15:19:48,False,False,开机工作中,0,2024-05-26
10286,32.4058,697.168,35.1789,697.186,0.0,0.0,2024-05-26 15:20:48,False,False,开机工作中,0,2024-05-26
10287,32.4058,697.114,35.2013,697.033,0.0,0.0,2024-05-26 15:21:48,False,False,开机工作中,0,2024-05-26
10288,32.4058,697.255,35.2013,697.26,0.0,0.0,2024-05-26 15:22:48,False,False,开机工作中,0,2024-05-26
10289,32.4058,697.076,35.2013,697.112,0.0,0.0,2024-05-26 15:23:48,False,False,开机工作中,0,2024-05-26
10290,32.4058,697.195,35.2013,697.213,0.0,0.0,2024-05-26 15:24:48,False,False,开机工作中,0,2024-05-26
10291,32.4058,697.083,35.2013,697.096,0.0,0.0,2024-05-26 15:25:48,False,False,开机工作中,0,2024-05-26
10292,32.4058,697.096,35.2013,697.108,0.0,0.0,2024-05-26 15:26:48,False,False,开机工作中,0,2024-05-26
10293,32.4058,697.119,35.2013,697.116,0.0,0.0,2024-05-26 15:27:48,False,False,开机工作中,0,2024-05-26
10294,32.4058,697.216,35.2013,697.147,0.0,0.0,2024-05-26 15:28:48,False,False,开机工作中,0,2024-05-26
10295,32.4058,697.26,35.2013,697.231,0.0,0.0,2024-05-26 15:29:48,False,False,开机工作中,0,2024-05-26
10296,32.4058,697.199,35.2013,697.185,0.0,0.0,2024-05-26 15:30:49,False,False,开机工作中,0,2024-05-26
10297,32.4058,697.151,35.2013,697.17,0.0,0.0,2024-05-26 15:31:49,False,False,开机工作中,0,2024-05-26
10298,32.4058,697.141,35.2013,697.151,0.0,0.0,2024-05-26 15:32:49,False,False,开机工作中,0,2024-05-26
10299,32.4058,697.178,35.2013,697.088,0.0,0.0,2024-05-26 15:33:48,False,False,开机工作中,0,2024-05-26
10300,32.4058,697.034,35.2013,697.188,0.0,0.0,2024-05-26 15:34:48,False,False,开机工作中,0,2024-05-26
10301,32.4058,697.096,35.2013,697.109,0.0,0.0,2024-05-26 15:35:48,False,False,开机工作中,0,2024-05-26
10302,32.4058,697.045,35.2013,697.083,0.0,0.0,2024-05-26 15:36:48,False,False,开机工作中,0,2024-05-26
10303,32.4058,697.134,35.2013,697.204,0.0,0.0,2024-05-26 15:37:48,False,False,开机工作中,0,2024-05-26
10304,32.4058,697.146,35.2013,697.233,0.0,0.0,2024-05-26 15:38:48,False,False,开机工作中,0,2024-05-26
10305,32.4058,697.158,35.2013,697.163,0.0,0.0,2024-05-26 15:39:48,False,False,开机工作中,0,2024-05-26
10306,32.4058,697.107,35.2013,697.152,0.0,0.0,2024-05-26 15:40:48,False,False,开机工作中,0,2024-05-26
10307,32.4058,697.085,35.2013,697.257,0.0,0.0,2024-05-26 15:41:48,False,False,开机工作中,0,2024-05-26
10308,32.4058,697.237,35.2013,697.15,0.0,0.0,2024-05-26 15:42:48,False,False,开机工作中,0,2024-05-26
10309,32.4058,697.221,35.2013,697.189,0.0,0.0,2024-05-26 15:43:48,False,False,开机工作中,0,2024-05-26
10310,32.4058,697.207,35.2013,697.203,0.0,0.0,2024-05-26 15:44:48,False,False,开机工作中,0,2024-05-26
10311,32.4058,697.216,35.2013,697.212,0.0,0.0,2024-05-26 15:45:48,False,False,开机工作中,0,2024-05-26
10312,32.4058,697.229,35.2013,697.181,0.0,0.0,2024-05-26 15:46:48,False,False,开机工作中,0,2024-05-26
10313,32.4058,697.273,35.2013,697.224,0.0,0.0,2024-05-26 15:47:48,False,False,开机工作中,0,2024-05-26
10314,32.4058,697.295,35.2013,697.357,0.0,0.0,2024-05-26 15:48:48,False,False,开机工作中,0,2024-05-26
10315,32.4058,697.286,35.2013,697.35,0.0,0.0,2024-05-26 15:49:48,False,False,开机工作中,0,2024-05-26
10316,32.4058,697.321,35.2013,697.341,0.0,0.0,2024-05-26 15:50:48,False,False,开机工作中,0,2024-05-26
10317,32.4058,697.311,35.2013,697.37,0.0,0.0,2024-05-26 15:51:48,False,False,开机工作中,0,2024-05-26
10318,32.4058,697.315,35.2013,697.41,0.0,0.0,2024-05-26 15:52:49,False,False,开机工作中,0,2024-05-26
10319,32.4058,697.171,35.2013,697.204,0.0,0.0,2024-05-26 15:53:48,False,False,开机工作中,0,2024-05-26
10320,32.4058,697.238,35.2013,697.278,0.0,0.0,2024-05-26 15:54:49,False,False,开机工作中,0,2024-05-26
10321,32.4058,697.19,35.2013,697.27,0.0,0.0,2024-05-26 15:55:49,False,False,开机工作中,0,2024-05-26
10322,32.4058,697.436,35.2013,697.261,0.0,0.0,2024-05-26 15:56:48,False,False,开机工作中,0,2024-05-26
10323,32.4058,697.294,35.2013,697.293,0.0,0.0,2024-05-26 15:57:48,False,False,开机工作中,0,2024-05-26
10324,32.4058,697.278,35.2013,697.321,0.0,0.0,2024-05-26 15:58:48,False,False,开机工作中,0,2024-05-26
10325,32.4058,697.231,35.2013,697.246,0.0,0.0,2024-05-26 16:00:48,False,False,开机工作中,0,2024-05-26
10326,32.4058,697.166,35.2013,697.207,0.0,0.0,2024-05-26 16:01:48,False,False,开机工作中,0,2024-05-26
10327,32.4058,697.304,35.2013,697.36,0.0,0.0,2024-05-26 16:02:48,False,False,开机工作中,0,2024-05-26
10328,32.4058,697.391,35.2013,697.353,0.0,0.0,2024-05-26 16:03:48,False,False,开机工作中,0,2024-05-26
10329,32.4058,696.715,35.2013,696.137,0.0,56.7169,2024-05-26 16:04:48,False,False,开机工作中,0,2024-05-26
10330,32.4058,696.6,35.2013,695.529,0.0,65.6442,2024-05-26 16:05:48,False,False,开机工作中,0,2024-05-26
10331,32.4058,696.77,35.2013,696.035,0.0,56.6107,2024-05-26 16:06:48,False,False,开机工作中,0,2024-05-26
10332,32.4058,696.58,35.2013,695.866,0.0,58.2674,2024-05-26 16:07:48,False,False,开机工作中,0,2024-05-26
10333,32.4505,696.253,35.5815,695.346,0.0,62.2852,2024-05-26 16:08:48,False,False,开机工作中,0,2024-05-26
10334,32.4505,696.783,35.5815,696.11,0.0,56.5777,2024-05-26 16:09:48,False,False,开机工作中,0,2024-05-26
10335,32.4505,696.684,35.5815,695.817,0.0,60.0276,2024-05-26 16:10:48,False,False,开机工作中,0,2024-05-26
10336,32.4505,696.879,35.5815,695.759,0.0,62.8995,2024-05-26 16:11:48,False,False,开机工作中,0,2024-05-26
10337,32.4505,696.793,35.5815,695.633,0.0,66.0683,2024-05-26 16:12:48,False,False,开机工作中,0,2024-05-26
10338,32.4505,696.734,35.5815,695.758,0.0,62.5891,2024-05-26 16:13:48,False,False,开机工作中,0,2024-05-26
10339,30.9297,696.726,33.6805,695.506,0.0,67.3202,2024-05-26 16:14:48,False,False,开机工作中,0,2024-05-26
10340,21.0225,696.704,23.5943,694.641,0.0,94.1761,2024-05-26 16:15:48,False,False,开机工作中,0,2024-05-26
10341,27.8882,696.677,7.40279,694.089,0.0,119.266,2024-05-26 16:16:49,False,False,开机工作中,0,2024-05-26
10342,-12.8143,696.768,-10.3766,694.197,0.0,115.068,2024-05-26 16:17:48,False,False,开机工作中,0,2024-05-26
10343,-33.4339,696.692,-31.0857,694.314,0.0,109.662,2024-05-26 16:18:48,False,False,开机工作中,0,2024-05-26
10344,-42.3348,696.826,-40.501,695.475,0.0,71.3448,2024-05-26 16:19:48,False,False,开机工作中,-1,2024-05-26
10345,-42.3572,696.722,-40.501,695.949,0.0,56.7216,2024-05-26 16:20:48,False,False,开机工作中,0,2024-05-26
10346,-42.3572,697.077,-40.501,696.999,0.0,0.0,2024-05-26 16:21:48,False,False,开机工作中,0,2024-05-26
10347,-42.3572,697.039,-40.501,696.93,0.0,0.0,2024-05-26 16:22:48,False,False,开机工作中,0,2024-05-26
10348,-42.3572,696.965,-40.501,696.955,0.0,0.0,2024-05-26 16:23:48,False,False,开机工作中,0,2024-05-26
10349,-42.3572,697.133,-40.501,697.033,0.0,0.0,2024-05-26 16:24:48,False,False,开机工作中,0,2024-05-26
10350,-42.3572,697.124,-40.4786,696.969,0.0,0.0,2024-05-26 16:25:48,False,False,开机工作中,0,2024-05-26
10351,-42.3572,697.13,-40.4786,696.949,0.0,0.0,2024-05-26 16:26:48,False,False,开机工作中,0,2024-05-26
10352,-42.3572,697.003,-40.4786,696.824,0.0,0.0,2024-05-26 16:27:48,False,False,开机工作中,0,2024-05-26
10353,-42.3572,697.037,-40.4786,696.928,0.0,0.0,2024-05-26 16:28:48,False,False,开机工作中,0,2024-05-26
10354,-42.3572,697.014,-40.4786,696.978,0.0,0.0,2024-05-26 16:29:48,False,False,开机工作中,0,2024-05-26
10355,-42.3572,696.993,-40.4786,696.821,0.0,0.0,2024-05-26 16:30:48,False,False,开机工作中,0,2024-05-26
10356,-42.3572,697.039,-40.4786,696.913,0.0,0.0,2024-05-26 16:31:48,False,False,开机工作中,0,2024-05-26
10357,-42.3572,697.033,-40.4786,696.977,0.0,0.0,2024-05-26 16:32:48,False,False,开机工作中,0,2024-05-26
10358,-42.3572,697.203,-40.4786,697.023,0.0,0.0,2024-05-26 16:33:48,False,False,开机工作中,0,2024-05-26
10359,-42.3795,697.064,-40.4786,696.921,0.0,0.0,2024-05-26 16:34:48,False,False,开机工作中,0,2024-05-26
10360,-42.3795,697.101,-40.4786,696.968,0.0,0.0,2024-05-26 16:35:48,False,False,开机工作中,0,2024-05-26
10361,-42.3795,697.088,-40.4786,696.895,0.0,0.0,2024-05-26 16:36:48,False,False,开机工作中,0,2024-05-26
10362,-42.3795,697.467,-40.4786,697.326,0.0,0.0,2024-05-26 16:37:48,False,False,开机工作中,0,2024-05-26
10363,-42.3795,697.546,-40.4786,697.334,0.0,0.0,2024-05-26 16:38:48,False,False,开机工作中,0,2024-05-26
10364,-42.3795,697.557,-40.4786,697.25,0.0,0.0,2024-05-26 16:39:48,False,False,开机工作中,0,2024-05-26
10365,-42.4019,697.593,-40.4786,697.413,0.0,0.0,2024-05-26 16:40:48,False,False,开机工作中,0,2024-05-26
10366,-42.4019,697.664,-40.4786,697.524,0.0,0.0,2024-05-26 16:41:48,False,False,开机工作中,0,2024-05-26
10367,-42.4019,697.66,-40.4786,697.444,0.0,0.0,2024-05-26 16:42:48,False,False,开机工作中,0,2024-05-26
10368,-42.4019,697.524,-40.4786,697.309,0.0,0.0,2024-05-26 16:43:48,False,False,开机工作中,0,2024-05-26
10369,-42.4019,695.422,-40.4786,695.331,0.0,0.0,2024-05-26 16:44:48,False,False,开机工作中,0,2024-05-26
10370,-42.4243,695.577,-40.4786,695.393,0.0,0.0,2024-05-26 16:45:48,False,False,开机工作中,0,2024-05-26
10371,-42.4243,695.598,-40.4786,695.262,0.0,0.0,2024-05-26 16:46:48,False,False,开机工作中,0,2024-05-26
10372,-42.4243,695.587,-40.4786,695.427,0.0,0.0,2024-05-26 16:47:48,False,False,开机工作中,0,2024-05-26
10373,-42.4243,695.658,-40.4786,695.443,0.0,0.0,2024-05-26 16:48:49,False,False,开机工作中,0,2024-05-26
10374,-42.4243,695.663,-40.4786,695.39,0.0,0.0,2024-05-26 16:49:49,False,False,开机工作中,0,2024-05-26
10375,-42.4466,695.585,-40.4786,695.352,0.0,0.0,2024-05-26 16:50:49,False,False,开机工作中,0,2024-05-26
10376,-42.4466,695.584,-40.4786,695.349,0.0,0.0,2024-05-26 16:51:48,False,False,开机工作中,0,2024-05-26
10377,-42.4466,695.539,-40.4786,695.361,0.0,0.0,2024-05-26 16:52:48,False,False,开机工作中,0,2024-05-26
10378,-42.469,694.532,-40.4786,694.396,56.0997,56.2562,2024-05-26 16:53:48,False,有电流,开机工作中,0,2024-05-26
10379,-42.469,694.321,-40.4786,694.129,61.0528,59.7631,2024-05-26 16:54:48,False,False,开机工作中,0,2024-05-26
10380,-45.1527,694.31,-42.5137,694.129,60.8312,61.063,2024-05-26 16:55:48,False,False,开机工作中,0,2024-05-26
10381,-45.1527,694.539,-42.4913,694.418,55.7039,56.1458,2024-05-26 16:56:48,False,False,开机工作中,0,2024-05-26
10382,-45.1527,693.955,-42.4913,693.765,56.5029,56.9891,2024-05-26 16:57:48,False,False,开机工作中,0,2024-05-26
10383,-45.1527,694.405,-42.4913,694.194,55.82,56.1985,2024-05-26 16:58:49,False,False,开机工作中,0,2024-05-26
10384,-45.1527,694.49,-42.469,694.25,55.8385,56.2171,2024-05-26 17:00:48,False,False,开机工作中,0,2024-05-26
10385,-45.1527,694.205,-42.469,694.175,55.4203,56.0816,2024-05-26 17:01:48,False,False,开机工作中,0,2024-05-26
10386,-45.1527,694.486,-42.469,694.377,55.4987,56.0691,2024-05-26 17:02:48,False,False,开机工作中,0,2024-05-26
10387,-45.1527,694.435,-42.469,694.143,55.3684,56.7132,2024-05-26 17:03:48,False,False,开机工作中,0,2024-05-26
10388,-45.1527,694.418,-42.469,693.947,59.4866,63.5928,2024-05-26 17:04:48,False,False,开机工作中,0,2024-05-26
10389,-45.1527,694.01,-42.4913,693.905,65.1359,64.943,2024-05-26 17:05:48,False,False,开机工作中,0,2024-05-26
10390,-45.1527,696.486,-42.5137,696.316,56.3397,56.8916,2024-05-26 17:06:48,False,False,开机工作中,0,2024-05-26
10391,-12.9932,694.806,-10.153,694.724,104.01,102.783,2024-05-26 17:07:48,False,False,开机工作中,0,2024-05-26
10392,12.5465,694.941,15.4091,694.871,99.1235,97.8965,2024-05-26 17:08:48,False,False,开机工作中,0,2024-05-26
10393,32.1598,694.963,35.8498,694.875,66.2409,65.9396,2024-05-26 17:09:48,False,False,开机工作中,0,2024-05-26
10394,32.1598,695.458,35.8722,695.405,55.4267,56.2041,2024-05-26 17:10:48,False,False,开机工作中,0,2024-05-26
10395,32.1598,695.731,35.8722,695.649,55.5581,56.2454,2024-05-26 17:11:48,False,False,开机工作中,0,2024-05-26
10396,32.1598,695.612,35.8722,695.535,55.6359,56.9371,2024-05-26 17:12:48,False,False,开机工作中,0,2024-05-26
10397,32.1598,695.698,35.8722,695.627,55.5428,56.2919,2024-05-26 17:13:49,False,False,开机工作中,0,2024-05-26
10398,32.1598,695.928,35.8722,695.956,55.5827,56.3269,2024-05-26 17:14:48,False,False,开机工作中,0,2024-05-26
10399,32.1598,695.85,35.8722,695.805,55.5269,56.3163,2024-05-26 17:15:48,False,False,开机工作中,0,2024-05-26
10400,32.1598,697.083,35.8722,697.134,0.0,0.0,2024-05-26 17:16:48,False,无电流,开机工作中,0,2024-05-26
10401,32.1598,697.056,35.8722,697.004,0.0,0.0,2024-05-26 17:17:48,False,False,开机工作中,0,2024-05-26
10402,32.1598,697.319,35.8722,697.178,0.0,0.0,2024-05-26 17:18:48,False,False,开机工作中,0,2024-05-26
10403,32.1598,697.28,35.8722,697.241,0.0,0.0,2024-05-26 17:19:48,False,False,开机工作中,0,2024-05-26
10404,32.1598,697.154,35.8722,697.181,0.0,0.0,2024-05-26 17:20:48,False,False,开机工作中,0,2024-05-26
10405,32.1598,697.297,35.8722,697.229,0.0,0.0,2024-05-26 17:21:48,False,False,开机工作中,0,2024-05-26
10406,32.1598,697.358,35.8722,697.332,0.0,0.0,2024-05-26 17:22:48,False,False,开机工作中,0,2024-05-26
10407,error,error,error,error,-1.0,-1.0,2024-05-26 17:23:48,A架关机,False,开机工作中,0,2024-05-26
10408,error,error,error,error,-1.0,-1.0,2024-05-26 17:24:48,False,False,未工作,0,2024-05-26
10409,error,error,error,error,-1.0,-1.0,2024-05-26 17:25:49,False,False,未工作,0,2024-05-26
10410,error,error,error,error,-1.0,-1.0,2024-05-26 17:26:49,False,False,未工作,0,2024-05-26
10411,error,error,error,error,-1.0,-1.0,2024-05-26 17:27:48,False,False,未工作,0,2024-05-26
10412,error,error,error,error,-1.0,-1.0,2024-05-26 17:28:48,False,False,未工作,0,2024-05-26
10413,error,error,error,error,-1.0,-1.0,2024-05-26 17:29:48,False,False,未工作,0,2024-05-26
10414,error,error,error,error,-1.0,-1.0,2024-05-26 17:30:48,False,False,未工作,0,2024-05-26
10415,error,error,error,error,-1.0,-1.0,2024-05-26 17:31:49,False,False,未工作,0,2024-05-26
10416,error,error,error,error,-1.0,-1.0,2024-05-26 17:32:49,False,False,未工作,0,2024-05-26
10417,error,error,error,error,-1.0,-1.0,2024-05-26 17:33:49,False,False,未工作,0,2024-05-26
10418,error,error,error,error,-1.0,-1.0,2024-05-26 17:34:48,False,False,未工作,0,2024-05-26
10419,error,error,error,error,-1.0,-1.0,2024-05-26 17:35:49,False,False,未工作,0,2024-05-26
10420,error,error,error,error,-1.0,-1.0,2024-05-26 17:36:48,False,False,未工作,0,2024-05-26
10421,error,error,error,error,-1.0,-1.0,2024-05-26 17:37:49,False,False,未工作,0,2024-05-26
10422,error,error,error,error,-1.0,-1.0,2024-05-26 17:38:48,False,False,未工作,0,2024-05-26
10423,error,error,error,error,-1.0,-1.0,2024-05-26 17:39:49,False,False,未工作,0,2024-05-26
10424,error,error,error,error,-1.0,-1.0,2024-05-26 17:40:48,False,False,未工作,0,2024-05-26
10425,error,error,error,error,-1.0,-1.0,2024-05-26 17:41:49,False,False,未工作,0,2024-05-26
10426,error,error,error,error,-1.0,-1.0,2024-05-26 17:42:48,False,False,未工作,0,2024-05-26
10427,error,error,error,error,-1.0,-1.0,2024-05-26 17:43:49,False,False,未工作,0,2024-05-26
10428,error,error,error,error,-1.0,-1.0,2024-05-26 17:44:49,False,False,未工作,0,2024-05-26
10429,error,error,error,error,-1.0,-1.0,2024-05-26 17:45:49,False,False,未工作,0,2024-05-26
10430,error,error,error,error,-1.0,-1.0,2024-05-26 17:46:48,False,False,未工作,0,2024-05-26
10431,error,error,error,error,-1.0,-1.0,2024-05-26 17:47:48,False,False,未工作,0,2024-05-26
10432,error,error,error,error,-1.0,-1.0,2024-05-26 17:48:49,False,False,未工作,0,2024-05-26
10433,error,error,error,error,-1.0,-1.0,2024-05-26 17:49:48,False,False,未工作,0,2024-05-26
10434,error,error,error,error,-1.0,-1.0,2024-05-26 17:50:48,False,False,未工作,0,2024-05-26
10435,error,error,error,error,-1.0,-1.0,2024-05-26 17:51:48,False,False,未工作,0,2024-05-26
10436,error,error,error,error,-1.0,-1.0,2024-05-26 17:52:48,False,False,未工作,0,2024-05-26
10437,error,error,error,error,-1.0,-1.0,2024-05-26 17:53:48,False,False,未工作,0,2024-05-26
10438,error,error,error,error,-1.0,-1.0,2024-05-26 17:54:48,False,False,未工作,0,2024-05-26
10439,error,error,error,error,-1.0,-1.0,2024-05-26 17:55:49,False,False,未工作,0,2024-05-26
10440,error,error,error,error,-1.0,-1.0,2024-05-26 17:56:48,False,False,未工作,0,2024-05-26
10441,error,error,error,error,-1.0,-1.0,2024-05-26 17:57:48,False,False,未工作,0,2024-05-26
10442,error,error,error,error,-1.0,-1.0,2024-05-26 17:58:49,False,False,未工作,0,2024-05-26
10443,error,error,error,error,-1.0,-1.0,2024-05-26 18:00:49,False,False,未工作,0,2024-05-26
10444,error,error,error,error,-1.0,-1.0,2024-05-26 18:01:49,False,False,未工作,0,2024-05-26
10445,error,error,error,error,-1.0,-1.0,2024-05-26 18:02:48,False,False,未工作,0,2024-05-26
10446,error,error,error,error,-1.0,-1.0,2024-05-26 18:03:49,False,False,未工作,0,2024-05-26
10447,error,error,error,error,-1.0,-1.0,2024-05-26 18:04:49,False,False,未工作,0,2024-05-26
10448,error,error,error,error,-1.0,-1.0,2024-05-26 18:05:48,False,False,未工作,0,2024-05-26
10449,error,error,error,error,-1.0,-1.0,2024-05-26 18:06:48,False,False,未工作,0,2024-05-26
10450,error,error,error,error,-1.0,-1.0,2024-05-26 18:07:49,False,False,未工作,0,2024-05-26
10451,error,error,error,error,-1.0,-1.0,2024-05-26 18:08:48,False,False,未工作,0,2024-05-26
10452,error,error,error,error,-1.0,-1.0,2024-05-26 18:09:48,False,False,未工作,0,2024-05-26
10453,error,error,error,error,-1.0,-1.0,2024-05-26 18:10:48,False,False,未工作,0,2024-05-26
10454,error,error,error,error,-1.0,-1.0,2024-05-26 18:11:48,False,False,未工作,0,2024-05-26
10455,error,error,error,error,-1.0,-1.0,2024-05-26 18:12:49,False,False,未工作,0,2024-05-26
10456,error,error,error,error,-1.0,-1.0,2024-05-26 18:13:48,False,False,未工作,0,2024-05-26
10457,error,error,error,error,-1.0,-1.0,2024-05-26 18:14:49,False,False,未工作,0,2024-05-26
10458,error,error,error,error,-1.0,-1.0,2024-05-26 18:15:48,False,False,未工作,0,2024-05-26
10459,error,error,error,error,-1.0,-1.0,2024-05-26 18:16:48,False,False,未工作,0,2024-05-26
10460,error,error,error,error,-1.0,-1.0,2024-05-26 18:17:48,False,False,未工作,0,2024-05-26
10461,error,error,error,error,-1.0,-1.0,2024-05-26 18:18:49,False,False,未工作,0,2024-05-26
10462,error,error,error,error,-1.0,-1.0,2024-05-26 18:19:49,False,False,未工作,0,2024-05-26
10463,error,error,error,error,-1.0,-1.0,2024-05-26 18:20:48,False,False,未工作,0,2024-05-26
10464,error,error,error,error,-1.0,-1.0,2024-05-26 18:21:49,False,False,未工作,0,2024-05-26
10465,error,error,error,error,-1.0,-1.0,2024-05-26 18:22:48,False,False,未工作,0,2024-05-26
10466,error,error,error,error,-1.0,-1.0,2024-05-26 18:23:48,False,False,未工作,0,2024-05-26
10467,error,error,error,error,-1.0,-1.0,2024-05-26 18:24:48,False,False,未工作,0,2024-05-26
10468,error,error,error,error,-1.0,-1.0,2024-05-26 18:25:48,False,False,未工作,0,2024-05-26
10469,error,error,error,error,-1.0,-1.0,2024-05-26 18:26:48,False,False,未工作,0,2024-05-26
10470,error,error,error,error,-1.0,-1.0,2024-05-26 18:27:49,False,False,未工作,0,2024-05-26
10471,error,error,error,error,-1.0,-1.0,2024-05-26 18:28:48,False,False,未工作,0,2024-05-26
10472,error,error,error,error,-1.0,-1.0,2024-05-26 18:29:49,False,False,未工作,0,2024-05-26
10473,error,error,error,error,-1.0,-1.0,2024-05-26 18:30:48,False,False,未工作,0,2024-05-26
10474,error,error,error,error,-1.0,-1.0,2024-05-26 18:31:48,False,False,未工作,0,2024-05-26
10475,error,error,error,error,-1.0,-1.0,2024-05-26 18:32:49,False,False,未工作,0,2024-05-26
10476,error,error,error,error,-1.0,-1.0,2024-05-26 18:33:48,False,False,未工作,0,2024-05-26
10477,error,error,error,error,-1.0,-1.0,2024-05-26 18:34:48,False,False,未工作,0,2024-05-26
10478,error,error,error,error,-1.0,-1.0,2024-05-26 18:35:48,False,False,未工作,0,2024-05-26
10479,error,error,error,error,-1.0,-1.0,2024-05-26 18:36:48,False,False,未工作,0,2024-05-26
10480,error,error,error,error,-1.0,-1.0,2024-05-26 18:37:48,False,False,未工作,0,2024-05-26
10481,error,error,error,error,-1.0,-1.0,2024-05-26 18:38:49,False,False,未工作,0,2024-05-26
10482,error,error,error,error,-1.0,-1.0,2024-05-26 18:39:48,False,False,未工作,0,2024-05-26
10483,error,error,error,error,-1.0,-1.0,2024-05-26 18:40:48,False,False,未工作,0,2024-05-26
10484,error,error,error,error,-1.0,-1.0,2024-05-26 18:41:48,False,False,未工作,0,2024-05-26
10485,error,error,error,error,-1.0,-1.0,2024-05-26 18:42:49,False,False,未工作,0,2024-05-26
10486,error,error,error,error,-1.0,-1.0,2024-05-26 18:43:49,False,False,未工作,0,2024-05-26
10487,error,error,error,error,-1.0,-1.0,2024-05-26 18:44:48,False,False,未工作,0,2024-05-26
10488,error,error,error,error,-1.0,-1.0,2024-05-26 18:45:49,False,False,未工作,0,2024-05-26
10489,error,error,error,error,-1.0,-1.0,2024-05-26 18:46:48,False,False,未工作,0,2024-05-26
10490,error,error,error,error,-1.0,-1.0,2024-05-26 18:47:48,False,False,未工作,0,2024-05-26
10491,error,error,error,error,-1.0,-1.0,2024-05-26 18:48:48,False,False,未工作,0,2024-05-26
10492,error,error,error,error,-1.0,-1.0,2024-05-26 18:49:48,False,False,未工作,0,2024-05-26
10493,error,error,error,error,-1.0,-1.0,2024-05-26 18:50:49,False,False,未工作,0,2024-05-26
10494,error,error,error,error,-1.0,-1.0,2024-05-26 18:51:48,False,False,未工作,0,2024-05-26
10495,error,error,error,error,-1.0,-1.0,2024-05-26 18:52:48,False,False,未工作,0,2024-05-26
10496,error,error,error,error,-1.0,-1.0,2024-05-26 18:53:48,False,False,未工作,0,2024-05-26
10497,error,error,error,error,-1.0,-1.0,2024-05-26 18:54:48,False,False,未工作,0,2024-05-26
10498,error,error,error,error,-1.0,-1.0,2024-05-26 18:55:49,False,False,未工作,0,2024-05-26
10499,error,error,error,error,-1.0,-1.0,2024-05-26 18:56:48,False,False,未工作,0,2024-05-26
10500,error,error,error,error,-1.0,-1.0,2024-05-26 18:57:48,False,False,未工作,0,2024-05-26
10501,error,error,error,error,-1.0,-1.0,2024-05-26 18:58:48,False,False,未工作,0,2024-05-26
10502,error,error,error,error,-1.0,-1.0,2024-05-26 19:00:48,False,False,未工作,0,2024-05-26
10503,error,error,error,error,-1.0,-1.0,2024-05-26 19:01:49,False,False,未工作,0,2024-05-26
10504,error,error,error,error,-1.0,-1.0,2024-05-26 19:02:48,False,False,未工作,0,2024-05-26
10505,error,error,error,error,-1.0,-1.0,2024-05-26 19:03:49,False,False,未工作,0,2024-05-26
10506,error,error,error,error,-1.0,-1.0,2024-05-26 19:04:48,False,False,未工作,0,2024-05-26
10507,error,error,error,error,-1.0,-1.0,2024-05-26 19:05:48,False,False,未工作,0,2024-05-26
10508,error,error,error,error,-1.0,-1.0,2024-05-26 19:06:49,False,False,未工作,0,2024-05-26
10509,error,error,error,error,-1.0,-1.0,2024-05-26 19:07:48,False,False,未工作,0,2024-05-26
10510,error,error,error,error,-1.0,-1.0,2024-05-26 19:08:48,False,False,未工作,0,2024-05-26
10511,error,error,error,error,-1.0,-1.0,2024-05-26 19:09:49,False,False,未工作,0,2024-05-26
10512,error,error,error,error,-1.0,-1.0,2024-05-26 19:10:48,False,False,未工作,0,2024-05-26
10513,error,error,error,error,-1.0,-1.0,2024-05-26 19:11:48,False,False,未工作,0,2024-05-26
10514,error,error,error,error,-1.0,-1.0,2024-05-26 19:12:48,False,False,未工作,0,2024-05-26
10515,error,error,error,error,-1.0,-1.0,2024-05-26 19:13:49,False,False,未工作,0,2024-05-26
10516,error,error,error,error,-1.0,-1.0,2024-05-26 19:14:48,False,False,未工作,0,2024-05-26
10517,error,error,error,error,-1.0,-1.0,2024-05-26 19:15:48,False,False,未工作,0,2024-05-26
10518,error,error,error,error,-1.0,-1.0,2024-05-26 19:16:48,False,False,未工作,0,2024-05-26
10519,error,error,error,error,-1.0,-1.0,2024-05-26 19:17:49,False,False,未工作,0,2024-05-26
10520,error,error,error,error,-1.0,-1.0,2024-05-26 19:18:48,False,False,未工作,0,2024-05-26
10521,error,error,error,error,-1.0,-1.0,2024-05-26 19:19:49,False,False,未工作,0,2024-05-26
10522,error,error,error,error,-1.0,-1.0,2024-05-26 19:20:48,False,False,未工作,0,2024-05-26
10523,error,error,error,error,-1.0,-1.0,2024-05-26 19:21:48,False,False,未工作,0,2024-05-26
10524,error,error,error,error,-1.0,-1.0,2024-05-26 19:22:48,False,False,未工作,0,2024-05-26
10525,error,error,error,error,-1.0,-1.0,2024-05-26 19:23:48,False,False,未工作,0,2024-05-26
10526,error,error,error,error,-1.0,-1.0,2024-05-26 19:24:48,False,False,未工作,0,2024-05-26
10527,error,error,error,error,-1.0,-1.0,2024-05-26 19:25:48,False,False,未工作,0,2024-05-26
10528,error,error,error,error,-1.0,-1.0,2024-05-26 19:26:48,False,False,未工作,0,2024-05-26
10529,error,error,error,error,-1.0,-1.0,2024-05-26 19:27:48,False,False,未工作,0,2024-05-26
10530,error,error,error,error,-1.0,-1.0,2024-05-26 19:28:48,False,False,未工作,0,2024-05-26
10531,error,error,error,error,-1.0,-1.0,2024-05-26 19:29:49,False,False,未工作,0,2024-05-26
10532,error,error,error,error,-1.0,-1.0,2024-05-26 19:30:49,False,False,未工作,0,2024-05-26
10533,error,error,error,error,-1.0,-1.0,2024-05-26 19:31:48,False,False,未工作,0,2024-05-26
10534,error,error,error,error,-1.0,-1.0,2024-05-26 19:32:49,False,False,未工作,0,2024-05-26
10535,error,error,error,error,-1.0,-1.0,2024-05-26 19:33:48,False,False,未工作,0,2024-05-26
10536,error,error,error,error,-1.0,-1.0,2024-05-26 19:34:48,False,False,未工作,0,2024-05-26
10537,error,error,error,error,-1.0,-1.0,2024-05-26 19:35:48,False,False,未工作,0,2024-05-26
10538,error,error,error,error,-1.0,-1.0,2024-05-26 19:36:48,False,False,未工作,0,2024-05-26
10539,error,error,error,error,-1.0,-1.0,2024-05-26 19:37:48,False,False,未工作,0,2024-05-26
10540,error,error,error,error,-1.0,-1.0,2024-05-26 19:38:48,False,False,未工作,0,2024-05-26
10541,error,error,error,error,-1.0,-1.0,2024-05-26 19:39:48,False,False,未工作,0,2024-05-26
10542,error,error,error,error,-1.0,-1.0,2024-05-26 19:40:48,False,False,未工作,0,2024-05-26
10543,error,error,error,error,-1.0,-1.0,2024-05-26 19:41:48,False,False,未工作,0,2024-05-26
10544,error,error,error,error,-1.0,-1.0,2024-05-26 19:42:48,False,False,未工作,0,2024-05-26
10545,error,error,error,error,-1.0,-1.0,2024-05-26 19:43:48,False,False,未工作,0,2024-05-26
10546,error,error,error,error,-1.0,-1.0,2024-05-26 19:44:49,False,False,未工作,0,2024-05-26
10547,error,error,error,error,-1.0,-1.0,2024-05-26 19:45:48,False,False,未工作,0,2024-05-26
10548,error,error,error,error,-1.0,-1.0,2024-05-26 19:46:48,False,False,未工作,0,2024-05-26
10549,error,error,error,error,-1.0,-1.0,2024-05-26 19:47:48,False,False,未工作,0,2024-05-26
10550,error,error,error,error,-1.0,-1.0,2024-05-26 19:48:48,False,False,未工作,0,2024-05-26
10551,error,error,error,error,-1.0,-1.0,2024-05-26 19:50:49,False,False,未工作,0,2024-05-26
10552,error,error,error,error,-1.0,-1.0,2024-05-26 19:51:48,False,False,未工作,0,2024-05-26
10553,error,error,error,error,-1.0,-1.0,2024-05-26 19:52:48,False,False,未工作,0,2024-05-26
10554,error,error,error,error,-1.0,-1.0,2024-05-26 19:53:48,False,False,未工作,0,2024-05-26
10555,error,error,error,error,-1.0,-1.0,2024-05-26 19:54:48,False,False,未工作,0,2024-05-26
10556,error,error,error,error,-1.0,-1.0,2024-05-26 19:55:49,False,False,未工作,0,2024-05-26
10557,error,error,error,error,-1.0,-1.0,2024-05-26 19:56:49,False,False,未工作,0,2024-05-26
10558,error,error,error,error,-1.0,-1.0,2024-05-26 19:57:49,False,False,未工作,0,2024-05-26
10559,error,error,error,error,-1.0,-1.0,2024-05-26 19:58:48,False,False,未工作,0,2024-05-26
10560,error,error,error,error,-1.0,-1.0,2024-05-26 20:00:49,False,False,未工作,0,2024-05-26
10561,error,error,error,error,-1.0,-1.0,2024-05-26 20:01:49,False,False,未工作,0,2024-05-26
10562,error,error,error,error,-1.0,-1.0,2024-05-26 20:02:49,False,False,未工作,0,2024-05-26
10563,error,error,error,error,-1.0,-1.0,2024-05-26 20:03:49,False,False,未工作,0,2024-05-26
10564,error,error,error,error,-1.0,-1.0,2024-05-26 20:04:48,False,False,未工作,0,2024-05-26
10565,error,error,error,error,-1.0,-1.0,2024-05-26 20:05:49,False,False,未工作,0,2024-05-26
10566,error,error,error,error,-1.0,-1.0,2024-05-26 20:06:48,False,False,未工作,0,2024-05-26
10567,error,error,error,error,-1.0,-1.0,2024-05-26 20:07:48,False,False,未工作,0,2024-05-26
10568,error,error,error,error,-1.0,-1.0,2024-05-26 20:08:49,False,False,未工作,0,2024-05-26
10569,error,error,error,error,-1.0,-1.0,2024-05-26 20:09:49,False,False,未工作,0,2024-05-26
10570,error,error,error,error,-1.0,-1.0,2024-05-26 20:10:48,False,False,未工作,0,2024-05-26
10571,error,error,error,error,-1.0,-1.0,2024-05-26 20:11:48,False,False,未工作,0,2024-05-26
10572,error,error,error,error,-1.0,-1.0,2024-05-26 20:12:49,False,False,未工作,0,2024-05-26
10573,error,error,error,error,-1.0,-1.0,2024-05-26 20:13:49,False,False,未工作,0,2024-05-26
10574,error,error,error,error,-1.0,-1.0,2024-05-26 20:14:48,False,False,未工作,0,2024-05-26
10575,error,error,error,error,-1.0,-1.0,2024-05-26 20:15:49,False,False,未工作,0,2024-05-26
10576,error,error,error,error,-1.0,-1.0,2024-05-26 20:16:48,False,False,未工作,0,2024-05-26
10577,error,error,error,error,-1.0,-1.0,2024-05-26 20:17:48,False,False,未工作,0,2024-05-26
10578,error,error,error,error,-1.0,-1.0,2024-05-26 20:18:49,False,False,未工作,0,2024-05-26
10579,error,error,error,error,-1.0,-1.0,2024-05-26 20:19:48,False,False,未工作,0,2024-05-26
10580,error,error,error,error,-1.0,-1.0,2024-05-26 20:20:48,False,False,未工作,0,2024-05-26
10581,error,error,error,error,-1.0,-1.0,2024-05-26 20:21:49,False,False,未工作,0,2024-05-26
10582,error,error,error,error,-1.0,-1.0,2024-05-26 20:22:48,False,False,未工作,0,2024-05-26
10583,error,error,error,error,-1.0,-1.0,2024-05-26 20:23:48,False,False,未工作,0,2024-05-26
10584,error,error,error,error,-1.0,-1.0,2024-05-26 20:24:49,False,False,未工作,0,2024-05-26
10585,error,error,error,error,-1.0,-1.0,2024-05-26 20:25:48,False,False,未工作,0,2024-05-26
10586,error,error,error,error,-1.0,-1.0,2024-05-26 20:26:48,False,False,未工作,0,2024-05-26
10587,error,error,error,error,-1.0,-1.0,2024-05-26 20:27:49,False,False,未工作,0,2024-05-26
10588,error,error,error,error,-1.0,-1.0,2024-05-26 20:28:49,False,False,未工作,0,2024-05-26
10589,error,error,error,error,-1.0,-1.0,2024-05-26 20:29:48,False,False,未工作,0,2024-05-26
10590,error,error,error,error,-1.0,-1.0,2024-05-26 20:30:48,False,False,未工作,0,2024-05-26
10591,error,error,error,error,-1.0,-1.0,2024-05-26 20:31:49,False,False,未工作,0,2024-05-26
10592,error,error,error,error,-1.0,-1.0,2024-05-26 20:32:48,False,False,未工作,0,2024-05-26
10593,error,error,error,error,-1.0,-1.0,2024-05-26 20:33:48,False,False,未工作,0,2024-05-26
10594,error,error,error,error,-1.0,-1.0,2024-05-26 20:34:48,False,False,未工作,0,2024-05-26
10595,error,error,error,error,-1.0,-1.0,2024-05-26 20:35:48,False,False,未工作,0,2024-05-26
10596,error,error,error,error,-1.0,-1.0,2024-05-26 20:36:48,False,False,未工作,0,2024-05-26
10597,error,error,error,error,-1.0,-1.0,2024-05-26 20:37:48,False,False,未工作,0,2024-05-26
10598,error,error,error,error,-1.0,-1.0,2024-05-26 20:38:49,False,False,未工作,0,2024-05-26
10599,error,error,error,error,-1.0,-1.0,2024-05-26 20:39:49,False,False,未工作,0,2024-05-26
10600,error,error,error,error,-1.0,-1.0,2024-05-26 20:40:48,False,False,未工作,0,2024-05-26
10601,error,error,error,error,-1.0,-1.0,2024-05-26 20:41:48,False,False,未工作,0,2024-05-26
10602,error,error,error,error,-1.0,-1.0,2024-05-26 20:42:48,False,False,未工作,0,2024-05-26
10603,error,error,error,error,-1.0,-1.0,2024-05-26 20:43:49,False,False,未工作,0,2024-05-26
10604,error,error,error,error,-1.0,-1.0,2024-05-26 20:44:48,False,False,未工作,0,2024-05-26
10605,error,error,error,error,-1.0,-1.0,2024-05-26 20:45:49,False,False,未工作,0,2024-05-26
10606,error,error,error,error,-1.0,-1.0,2024-05-26 20:46:48,False,False,未工作,0,2024-05-26
10607,error,error,error,error,-1.0,-1.0,2024-05-26 20:47:48,False,False,未工作,0,2024-05-26
10608,error,error,error,error,-1.0,-1.0,2024-05-26 20:48:48,False,False,未工作,0,2024-05-26
10609,error,error,error,error,-1.0,-1.0,2024-05-26 20:49:48,False,False,未工作,0,2024-05-26
10610,error,error,error,error,-1.0,-1.0,2024-05-26 20:50:48,False,False,未工作,0,2024-05-26
10611,error,error,error,error,-1.0,-1.0,2024-05-26 20:51:48,False,False,未工作,0,2024-05-26
10612,error,error,error,error,-1.0,-1.0,2024-05-26 20:52:48,False,False,未工作,0,2024-05-26
10613,error,error,error,error,-1.0,-1.0,2024-05-26 20:53:48,False,False,未工作,0,2024-05-26
10614,error,error,error,error,-1.0,-1.0,2024-05-26 20:54:48,False,False,未工作,0,2024-05-26
10615,error,error,error,error,-1.0,-1.0,2024-05-26 20:55:48,False,False,未工作,0,2024-05-26
10616,error,error,error,error,-1.0,-1.0,2024-05-26 20:56:48,False,False,未工作,0,2024-05-26
10617,error,error,error,error,-1.0,-1.0,2024-05-26 20:57:49,False,False,未工作,0,2024-05-26
10618,error,error,error,error,-1.0,-1.0,2024-05-26 20:58:48,False,False,未工作,0,2024-05-26
10619,error,error,error,error,-1.0,-1.0,2024-05-26 22:00:48,False,False,未工作,0,2024-05-26
10620,error,error,error,error,-1.0,-1.0,2024-05-26 22:01:49,False,False,未工作,0,2024-05-26
10621,error,error,error,error,-1.0,-1.0,2024-05-26 22:02:49,False,False,未工作,0,2024-05-26
10622,error,error,error,error,-1.0,-1.0,2024-05-26 22:03:48,False,False,未工作,0,2024-05-26
10623,error,error,error,error,-1.0,-1.0,2024-05-26 22:04:48,False,False,未工作,0,2024-05-26
10624,error,error,error,error,-1.0,-1.0,2024-05-26 22:05:48,False,False,未工作,0,2024-05-26
10625,error,error,error,error,-1.0,-1.0,2024-05-26 22:06:48,False,False,未工作,0,2024-05-26
10626,error,error,error,error,-1.0,-1.0,2024-05-26 22:07:49,False,False,未工作,0,2024-05-26
10627,error,error,error,error,-1.0,-1.0,2024-05-26 22:08:48,False,False,未工作,0,2024-05-26
10628,error,error,error,error,-1.0,-1.0,2024-05-26 22:09:48,False,False,未工作,0,2024-05-26
10629,error,error,error,error,-1.0,-1.0,2024-05-26 22:10:49,False,False,未工作,0,2024-05-26
10630,error,error,error,error,-1.0,-1.0,2024-05-26 22:11:48,False,False,未工作,0,2024-05-26
10631,error,error,error,error,-1.0,-1.0,2024-05-26 22:12:48,False,False,未工作,0,2024-05-26
10632,error,error,error,error,-1.0,-1.0,2024-05-26 22:13:48,False,False,未工作,0,2024-05-26
10633,error,error,error,error,-1.0,-1.0,2024-05-26 22:14:48,False,False,未工作,0,2024-05-26
10634,error,error,error,error,-1.0,-1.0,2024-05-26 22:15:48,False,False,未工作,0,2024-05-26
10635,error,error,error,error,-1.0,-1.0,2024-05-26 22:16:48,False,False,未工作,0,2024-05-26
10636,error,error,error,error,-1.0,-1.0,2024-05-26 22:17:49,False,False,未工作,0,2024-05-26
10637,error,error,error,error,-1.0,-1.0,2024-05-26 22:18:48,False,False,未工作,0,2024-05-26
10638,error,error,error,error,-1.0,-1.0,2024-05-26 22:19:48,False,False,未工作,0,2024-05-26
10639,error,error,error,error,-1.0,-1.0,2024-05-26 22:20:48,False,False,未工作,0,2024-05-26
10640,error,error,error,error,-1.0,-1.0,2024-05-26 22:21:48,False,False,未工作,0,2024-05-26
10641,error,error,error,error,-1.0,-1.0,2024-05-26 22:22:48,False,False,未工作,0,2024-05-26
10642,error,error,error,error,-1.0,-1.0,2024-05-26 22:23:48,False,False,未工作,0,2024-05-26
10643,error,error,error,error,-1.0,-1.0,2024-05-26 22:24:48,False,False,未工作,0,2024-05-26
10644,error,error,error,error,-1.0,-1.0,2024-05-26 22:25:48,False,False,未工作,0,2024-05-26
10645,error,error,error,error,-1.0,-1.0,2024-05-26 22:26:48,False,False,未工作,0,2024-05-26
10646,error,error,error,error,-1.0,-1.0,2024-05-26 22:27:48,False,False,未工作,0,2024-05-26
10647,error,error,error,error,-1.0,-1.0,2024-05-26 22:28:49,False,False,未工作,0,2024-05-26
10648,error,error,error,error,-1.0,-1.0,2024-05-26 22:29:49,False,False,未工作,0,2024-05-26
10649,error,error,error,error,-1.0,-1.0,2024-05-26 22:30:48,False,False,未工作,0,2024-05-26
10650,error,error,error,error,-1.0,-1.0,2024-05-26 22:31:48,False,False,未工作,0,2024-05-26
10651,error,error,error,error,-1.0,-1.0,2024-05-26 22:32:48,False,False,未工作,0,2024-05-26
10652,error,error,error,error,-1.0,-1.0,2024-05-26 22:33:48,False,False,未工作,0,2024-05-26
10653,error,error,error,error,-1.0,-1.0,2024-05-26 22:34:48,False,False,未工作,0,2024-05-26
10654,error,error,error,error,-1.0,-1.0,2024-05-26 22:35:48,False,False,未工作,0,2024-05-26
10655,error,error,error,error,-1.0,-1.0,2024-05-26 22:36:48,False,False,未工作,0,2024-05-26
10656,error,error,error,error,-1.0,-1.0,2024-05-26 22:37:48,False,False,未工作,0,2024-05-26
10657,error,error,error,error,-1.0,-1.0,2024-05-26 22:38:48,False,False,未工作,0,2024-05-26
10658,error,error,error,error,-1.0,-1.0,2024-05-26 22:39:48,False,False,未工作,0,2024-05-26
10659,error,error,error,error,-1.0,-1.0,2024-05-26 22:40:48,False,False,未工作,0,2024-05-26
10660,error,error,error,error,-1.0,-1.0,2024-05-26 22:41:48,False,False,未工作,0,2024-05-26
10661,error,error,error,error,-1.0,-1.0,2024-05-26 22:42:48,False,False,未工作,0,2024-05-26
10662,error,error,error,error,-1.0,-1.0,2024-05-26 22:43:48,False,False,未工作,0,2024-05-26
10663,error,error,error,error,-1.0,-1.0,2024-05-26 22:44:48,False,False,未工作,0,2024-05-26
10664,error,error,error,error,-1.0,-1.0,2024-05-26 22:45:48,False,False,未工作,0,2024-05-26
10665,error,error,error,error,-1.0,-1.0,2024-05-26 22:46:48,False,False,未工作,0,2024-05-26
10666,error,error,error,error,-1.0,-1.0,2024-05-26 22:47:48,False,False,未工作,0,2024-05-26
10667,error,error,error,error,-1.0,-1.0,2024-05-26 22:48:48,False,False,未工作,0,2024-05-26
10668,error,error,error,error,-1.0,-1.0,2024-05-26 22:49:48,False,False,未工作,0,2024-05-26
10669,error,error,error,error,-1.0,-1.0,2024-05-26 22:50:48,False,False,未工作,0,2024-05-26
10670,error,error,error,error,-1.0,-1.0,2024-05-26 22:51:48,False,False,未工作,0,2024-05-26
10671,error,error,error,error,-1.0,-1.0,2024-05-26 22:52:48,False,False,未工作,0,2024-05-26
10672,error,error,error,error,-1.0,-1.0,2024-05-26 22:53:49,False,False,未工作,0,2024-05-26
10673,error,error,error,error,-1.0,-1.0,2024-05-26 22:54:49,False,False,未工作,0,2024-05-26
10674,error,error,error,error,-1.0,-1.0,2024-05-26 22:55:49,False,False,未工作,0,2024-05-26
10675,error,error,error,error,-1.0,-1.0,2024-05-26 22:56:48,False,False,未工作,0,2024-05-26
10676,error,error,error,error,-1.0,-1.0,2024-05-26 22:57:48,False,False,未工作,0,2024-05-26
10677,error,error,error,error,-1.0,-1.0,2024-05-26 22:58:48,False,False,未工作,0,2024-05-26
10678,error,error,error,error,-1.0,-1.0,2024-05-27 00:00:48,False,False,未工作,0,2024-05-27
10679,error,error,error,error,-1.0,-1.0,2024-05-27 00:01:48,False,False,未工作,0,2024-05-27
10680,error,error,error,error,-1.0,-1.0,2024-05-27 00:02:49,False,False,未工作,0,2024-05-27
10681,error,error,error,error,-1.0,-1.0,2024-05-27 00:03:48,False,False,未工作,0,2024-05-27
10682,error,error,error,error,-1.0,-1.0,2024-05-27 00:04:48,False,False,未工作,0,2024-05-27
10683,error,error,error,error,-1.0,-1.0,2024-05-27 00:05:48,False,False,未工作,0,2024-05-27
10684,error,error,error,error,-1.0,-1.0,2024-05-27 00:06:48,False,False,未工作,0,2024-05-27
10685,error,error,error,error,-1.0,-1.0,2024-05-27 00:07:49,False,False,未工作,0,2024-05-27
10686,error,error,error,error,-1.0,-1.0,2024-05-27 00:08:48,False,False,未工作,0,2024-05-27
10687,error,error,error,error,-1.0,-1.0,2024-05-27 00:09:48,False,False,未工作,0,2024-05-27
10688,error,error,error,error,-1.0,-1.0,2024-05-27 00:10:48,False,False,未工作,0,2024-05-27
10689,error,error,error,error,-1.0,-1.0,2024-05-27 00:11:48,False,False,未工作,0,2024-05-27
10690,error,error,error,error,-1.0,-1.0,2024-05-27 00:12:49,False,False,未工作,0,2024-05-27
10691,error,error,error,error,-1.0,-1.0,2024-05-27 00:13:49,False,False,未工作,0,2024-05-27
10692,error,error,error,error,-1.0,-1.0,2024-05-27 00:14:48,False,False,未工作,0,2024-05-27
10693,error,error,error,error,-1.0,-1.0,2024-05-27 00:15:48,False,False,未工作,0,2024-05-27
10694,error,error,error,error,-1.0,-1.0,2024-05-27 00:16:48,False,False,未工作,0,2024-05-27
10695,error,error,error,error,-1.0,-1.0,2024-05-27 00:17:49,False,False,未工作,0,2024-05-27
10696,error,error,error,error,-1.0,-1.0,2024-05-27 00:18:48,False,False,未工作,0,2024-05-27
10697,error,error,error,error,-1.0,-1.0,2024-05-27 00:19:48,False,False,未工作,0,2024-05-27
10698,error,error,error,error,-1.0,-1.0,2024-05-27 00:20:48,False,False,未工作,0,2024-05-27
10699,error,error,error,error,-1.0,-1.0,2024-05-27 00:21:48,False,False,未工作,0,2024-05-27
10700,error,error,error,error,-1.0,-1.0,2024-05-27 00:22:48,False,False,未工作,0,2024-05-27
10701,error,error,error,error,-1.0,-1.0,2024-05-27 00:23:48,False,False,未工作,0,2024-05-27
10702,error,error,error,error,-1.0,-1.0,2024-05-27 00:24:49,False,False,未工作,0,2024-05-27
10703,error,error,error,error,-1.0,-1.0,2024-05-27 00:25:49,False,False,未工作,0,2024-05-27
10704,error,error,error,error,-1.0,-1.0,2024-05-27 00:26:49,False,False,未工作,0,2024-05-27
10705,error,error,error,error,-1.0,-1.0,2024-05-27 00:27:48,False,False,未工作,0,2024-05-27
10706,error,error,error,error,-1.0,-1.0,2024-05-27 00:28:49,False,False,未工作,0,2024-05-27
10707,error,error,error,error,-1.0,-1.0,2024-05-27 00:29:48,False,False,未工作,0,2024-05-27
10708,error,error,error,error,-1.0,-1.0,2024-05-27 00:30:48,False,False,未工作,0,2024-05-27
10709,error,error,error,error,-1.0,-1.0,2024-05-27 00:31:48,False,False,未工作,0,2024-05-27
10710,error,error,error,error,-1.0,-1.0,2024-05-27 00:32:49,False,False,未工作,0,2024-05-27
10711,error,error,error,error,-1.0,-1.0,2024-05-27 00:33:48,False,False,未工作,0,2024-05-27
10712,error,error,error,error,-1.0,-1.0,2024-05-27 00:34:48,False,False,未工作,0,2024-05-27
10713,error,error,error,error,-1.0,-1.0,2024-05-27 00:35:48,False,False,未工作,0,2024-05-27
10714,error,error,error,error,-1.0,-1.0,2024-05-27 00:36:48,False,False,未工作,0,2024-05-27
10715,error,error,error,error,-1.0,-1.0,2024-05-27 00:37:48,False,False,未工作,0,2024-05-27
10716,error,error,error,error,-1.0,-1.0,2024-05-27 00:38:48,False,False,未工作,0,2024-05-27
10717,error,error,error,error,-1.0,-1.0,2024-05-27 00:39:48,False,False,未工作,0,2024-05-27
10718,error,error,error,error,-1.0,-1.0,2024-05-27 00:40:48,False,False,未工作,0,2024-05-27
10719,error,error,error,error,-1.0,-1.0,2024-05-27 00:41:48,False,False,未工作,0,2024-05-27
10720,error,error,error,error,-1.0,-1.0,2024-05-27 00:42:48,False,False,未工作,0,2024-05-27
10721,error,error,error,error,-1.0,-1.0,2024-05-27 00:43:48,False,False,未工作,0,2024-05-27
10722,error,error,error,error,-1.0,-1.0,2024-05-27 00:44:48,False,False,未工作,0,2024-05-27
10723,error,error,error,error,-1.0,-1.0,2024-05-27 00:45:49,False,False,未工作,0,2024-05-27
10724,error,error,error,error,-1.0,-1.0,2024-05-27 00:46:48,False,False,未工作,0,2024-05-27
10725,error,error,error,error,-1.0,-1.0,2024-05-27 00:47:48,False,False,未工作,0,2024-05-27
10726,error,error,error,error,-1.0,-1.0,2024-05-27 00:48:48,False,False,未工作,0,2024-05-27
10727,error,error,error,error,-1.0,-1.0,2024-05-27 00:49:48,False,False,未工作,0,2024-05-27
10728,error,error,error,error,-1.0,-1.0,2024-05-27 00:50:48,False,False,未工作,0,2024-05-27
10729,error,error,error,error,-1.0,-1.0,2024-05-27 00:51:48,False,False,未工作,0,2024-05-27
10730,error,error,error,error,-1.0,-1.0,2024-05-27 00:52:49,False,False,未工作,0,2024-05-27
10731,error,error,error,error,-1.0,-1.0,2024-05-27 00:53:48,False,False,未工作,0,2024-05-27
10732,error,error,error,error,-1.0,-1.0,2024-05-27 00:54:48,False,False,未工作,0,2024-05-27
10733,error,error,error,error,-1.0,-1.0,2024-05-27 00:55:48,False,False,未工作,0,2024-05-27
10734,error,error,error,error,-1.0,-1.0,2024-05-27 00:56:48,False,False,未工作,0,2024-05-27
10735,error,error,error,error,-1.0,-1.0,2024-05-27 00:57:48,False,False,未工作,0,2024-05-27
10736,error,error,error,error,-1.0,-1.0,2024-05-27 00:58:48,False,False,未工作,0,2024-05-27
10737,error,error,error,error,-1.0,-1.0,2024-05-27 01:00:48,False,False,未工作,0,2024-05-27
10738,error,error,error,error,-1.0,-1.0,2024-05-27 01:01:48,False,False,未工作,0,2024-05-27
10739,error,error,error,error,-1.0,-1.0,2024-05-27 01:02:48,False,False,未工作,0,2024-05-27
10740,error,error,error,error,-1.0,-1.0,2024-05-27 01:03:48,False,False,未工作,0,2024-05-27
10741,error,error,error,error,-1.0,-1.0,2024-05-27 01:04:48,False,False,未工作,0,2024-05-27
10742,error,error,error,error,-1.0,-1.0,2024-05-27 01:05:48,False,False,未工作,0,2024-05-27
10743,error,error,error,error,-1.0,-1.0,2024-05-27 01:06:48,False,False,未工作,0,2024-05-27
10744,error,error,error,error,-1.0,-1.0,2024-05-27 01:07:48,False,False,未工作,0,2024-05-27
10745,error,error,error,error,-1.0,-1.0,2024-05-27 01:08:48,False,False,未工作,0,2024-05-27
10746,error,error,error,error,-1.0,-1.0,2024-05-27 01:09:48,False,False,未工作,0,2024-05-27
10747,error,error,error,error,-1.0,-1.0,2024-05-27 01:10:48,False,False,未工作,0,2024-05-27
10748,error,error,error,error,-1.0,-1.0,2024-05-27 01:11:48,False,False,未工作,0,2024-05-27
10749,error,error,error,error,-1.0,-1.0,2024-05-27 01:12:48,False,False,未工作,0,2024-05-27
10750,error,error,error,error,-1.0,-1.0,2024-05-27 01:13:48,False,False,未工作,0,2024-05-27
10751,error,error,error,error,-1.0,-1.0,2024-05-27 01:14:48,False,False,未工作,0,2024-05-27
10752,error,error,error,error,-1.0,-1.0,2024-05-27 01:15:48,False,False,未工作,0,2024-05-27
10753,error,error,error,error,-1.0,-1.0,2024-05-27 01:16:48,False,False,未工作,0,2024-05-27
10754,error,error,error,error,-1.0,-1.0,2024-05-27 01:17:48,False,False,未工作,0,2024-05-27
10755,error,error,error,error,-1.0,-1.0,2024-05-27 01:18:48,False,False,未工作,0,2024-05-27
10756,error,error,error,error,-1.0,-1.0,2024-05-27 01:19:49,False,False,未工作,0,2024-05-27
10757,error,error,error,error,-1.0,-1.0,2024-05-27 01:20:48,False,False,未工作,0,2024-05-27
10758,error,error,error,error,-1.0,-1.0,2024-05-27 01:21:49,False,False,未工作,0,2024-05-27
10759,error,error,error,error,-1.0,-1.0,2024-05-27 01:22:48,False,False,未工作,0,2024-05-27
10760,error,error,error,error,-1.0,-1.0,2024-05-27 01:23:48,False,False,未工作,0,2024-05-27
10761,error,error,error,error,-1.0,-1.0,2024-05-27 01:24:48,False,False,未工作,0,2024-05-27
10762,error,error,error,error,-1.0,-1.0,2024-05-27 01:25:48,False,False,未工作,0,2024-05-27
10763,error,error,error,error,-1.0,-1.0,2024-05-27 01:26:48,False,False,未工作,0,2024-05-27
10764,error,error,error,error,-1.0,-1.0,2024-05-27 01:27:49,False,False,未工作,0,2024-05-27
10765,error,error,error,error,-1.0,-1.0,2024-05-27 01:28:49,False,False,未工作,0,2024-05-27
10766,error,error,error,error,-1.0,-1.0,2024-05-27 01:29:48,False,False,未工作,0,2024-05-27
10767,error,error,error,error,-1.0,-1.0,2024-05-27 01:30:48,False,False,未工作,0,2024-05-27
10768,error,error,error,error,-1.0,-1.0,2024-05-27 01:31:48,False,False,未工作,0,2024-05-27
10769,error,error,error,error,-1.0,-1.0,2024-05-27 01:32:48,False,False,未工作,0,2024-05-27
10770,error,error,error,error,-1.0,-1.0,2024-05-27 01:33:48,False,False,未工作,0,2024-05-27
10771,error,error,error,error,-1.0,-1.0,2024-05-27 01:34:48,False,False,未工作,0,2024-05-27
10772,error,error,error,error,-1.0,-1.0,2024-05-27 01:35:48,False,False,未工作,0,2024-05-27
10773,error,error,error,error,-1.0,-1.0,2024-05-27 01:36:48,False,False,未工作,0,2024-05-27
10774,error,error,error,error,-1.0,-1.0,2024-05-27 01:37:48,False,False,未工作,0,2024-05-27
10775,error,error,error,error,-1.0,-1.0,2024-05-27 01:38:48,False,False,未工作,0,2024-05-27
10776,error,error,error,error,-1.0,-1.0,2024-05-27 01:39:48,False,False,未工作,0,2024-05-27
10777,error,error,error,error,-1.0,-1.0,2024-05-27 01:40:48,False,False,未工作,0,2024-05-27
10778,error,error,error,error,-1.0,-1.0,2024-05-27 01:41:48,False,False,未工作,0,2024-05-27
10779,error,error,error,error,-1.0,-1.0,2024-05-27 01:42:48,False,False,未工作,0,2024-05-27
10780,error,error,error,error,-1.0,-1.0,2024-05-27 01:43:48,False,False,未工作,0,2024-05-27
10781,error,error,error,error,-1.0,-1.0,2024-05-27 01:44:48,False,False,未工作,0,2024-05-27
10782,error,error,error,error,-1.0,-1.0,2024-05-27 01:45:48,False,False,未工作,0,2024-05-27
10783,error,error,error,error,-1.0,-1.0,2024-05-27 01:46:48,False,False,未工作,0,2024-05-27
10784,error,error,error,error,-1.0,-1.0,2024-05-27 01:47:49,False,False,未工作,0,2024-05-27
10785,error,error,error,error,-1.0,-1.0,2024-05-27 01:48:49,False,False,未工作,0,2024-05-27
10786,error,error,error,error,-1.0,-1.0,2024-05-27 01:49:48,False,False,未工作,0,2024-05-27
10787,error,error,error,error,-1.0,-1.0,2024-05-27 01:50:49,False,False,未工作,0,2024-05-27
10788,error,error,error,error,-1.0,-1.0,2024-05-27 01:51:48,False,False,未工作,0,2024-05-27
10789,error,error,error,error,-1.0,-1.0,2024-05-27 01:52:48,False,False,未工作,0,2024-05-27
10790,error,error,error,error,-1.0,-1.0,2024-05-27 01:53:48,False,False,未工作,0,2024-05-27
10791,error,error,error,error,-1.0,-1.0,2024-05-27 01:54:49,False,False,未工作,0,2024-05-27
10792,error,error,error,error,-1.0,-1.0,2024-05-27 01:55:48,False,False,未工作,0,2024-05-27
10793,error,error,error,error,-1.0,-1.0,2024-05-27 01:56:48,False,False,未工作,0,2024-05-27
10794,error,error,error,error,-1.0,-1.0,2024-05-27 01:57:48,False,False,未工作,0,2024-05-27
10795,error,error,error,error,-1.0,-1.0,2024-05-27 01:58:49,False,False,未工作,0,2024-05-27
10796,error,error,error,error,-1.0,-1.0,2024-05-27 02:00:48,False,False,未工作,0,2024-05-27
10797,error,error,error,error,-1.0,-1.0,2024-05-27 02:01:48,False,False,未工作,0,2024-05-27
10798,error,error,error,error,-1.0,-1.0,2024-05-27 02:02:48,False,False,未工作,0,2024-05-27
10799,error,error,error,error,-1.0,-1.0,2024-05-27 02:03:48,False,False,未工作,0,2024-05-27
10800,error,error,error,error,-1.0,-1.0,2024-05-27 02:04:48,False,False,未工作,0,2024-05-27
10801,error,error,error,error,-1.0,-1.0,2024-05-27 02:05:48,False,False,未工作,0,2024-05-27
10802,error,error,error,error,-1.0,-1.0,2024-05-27 02:06:49,False,False,未工作,0,2024-05-27
10803,error,error,error,error,-1.0,-1.0,2024-05-27 02:07:48,False,False,未工作,0,2024-05-27
10804,error,error,error,error,-1.0,-1.0,2024-05-27 02:08:48,False,False,未工作,0,2024-05-27
10805,error,error,error,error,-1.0,-1.0,2024-05-27 02:09:48,False,False,未工作,0,2024-05-27
10806,error,error,error,error,-1.0,-1.0,2024-05-27 02:10:48,False,False,未工作,0,2024-05-27
10807,error,error,error,error,-1.0,-1.0,2024-05-27 02:11:48,False,False,未工作,0,2024-05-27
10808,error,error,error,error,-1.0,-1.0,2024-05-27 02:12:48,False,False,未工作,0,2024-05-27
10809,error,error,error,error,-1.0,-1.0,2024-05-27 02:13:48,False,False,未工作,0,2024-05-27
10810,error,error,error,error,-1.0,-1.0,2024-05-27 02:14:48,False,False,未工作,0,2024-05-27
10811,error,error,error,error,-1.0,-1.0,2024-05-27 02:15:48,False,False,未工作,0,2024-05-27
10812,error,error,error,error,-1.0,-1.0,2024-05-27 02:16:48,False,False,未工作,0,2024-05-27
10813,error,error,error,error,-1.0,-1.0,2024-05-27 02:17:49,False,False,未工作,0,2024-05-27
10814,error,error,error,error,-1.0,-1.0,2024-05-27 02:18:49,False,False,未工作,0,2024-05-27
10815,error,error,error,error,-1.0,-1.0,2024-05-27 02:19:49,False,False,未工作,0,2024-05-27
10816,error,error,error,error,-1.0,-1.0,2024-05-27 02:20:48,False,False,未工作,0,2024-05-27
10817,error,error,error,error,-1.0,-1.0,2024-05-27 02:21:48,False,False,未工作,0,2024-05-27
10818,error,error,error,error,-1.0,-1.0,2024-05-27 02:22:48,False,False,未工作,0,2024-05-27
10819,error,error,error,error,-1.0,-1.0,2024-05-27 02:23:48,False,False,未工作,0,2024-05-27
10820,error,error,error,error,-1.0,-1.0,2024-05-27 02:24:48,False,False,未工作,0,2024-05-27
10821,error,error,error,error,-1.0,-1.0,2024-05-27 02:25:48,False,False,未工作,0,2024-05-27
10822,error,error,error,error,-1.0,-1.0,2024-05-27 02:26:48,False,False,未工作,0,2024-05-27
10823,error,error,error,error,-1.0,-1.0,2024-05-27 02:27:48,False,False,未工作,0,2024-05-27
10824,error,error,error,error,-1.0,-1.0,2024-05-27 02:28:48,False,False,未工作,0,2024-05-27
10825,error,error,error,error,-1.0,-1.0,2024-05-27 02:29:48,False,False,未工作,0,2024-05-27
10826,error,error,error,error,-1.0,-1.0,2024-05-27 02:30:48,False,False,未工作,0,2024-05-27
10827,error,error,error,error,-1.0,-1.0,2024-05-27 02:31:48,False,False,未工作,0,2024-05-27
10828,error,error,error,error,-1.0,-1.0,2024-05-27 02:32:48,False,False,未工作,0,2024-05-27
10829,error,error,error,error,-1.0,-1.0,2024-05-27 02:33:48,False,False,未工作,0,2024-05-27
10830,error,error,error,error,-1.0,-1.0,2024-05-27 02:34:48,False,False,未工作,0,2024-05-27
10831,error,error,error,error,-1.0,-1.0,2024-05-27 02:35:48,False,False,未工作,0,2024-05-27
10832,error,error,error,error,-1.0,-1.0,2024-05-27 02:36:48,False,False,未工作,0,2024-05-27
10833,error,error,error,error,-1.0,-1.0,2024-05-27 02:37:49,False,False,未工作,0,2024-05-27
10834,error,error,error,error,-1.0,-1.0,2024-05-27 02:38:48,False,False,未工作,0,2024-05-27
10835,error,error,error,error,-1.0,-1.0,2024-05-27 02:39:48,False,False,未工作,0,2024-05-27
10836,error,error,error,error,-1.0,-1.0,2024-05-27 02:40:48,False,False,未工作,0,2024-05-27
10837,error,error,error,error,-1.0,-1.0,2024-05-27 02:41:48,False,False,未工作,0,2024-05-27
10838,error,error,error,error,-1.0,-1.0,2024-05-27 02:42:48,False,False,未工作,0,2024-05-27
10839,error,error,error,error,-1.0,-1.0,2024-05-27 02:43:48,False,False,未工作,0,2024-05-27
10840,error,error,error,error,-1.0,-1.0,2024-05-27 02:44:48,False,False,未工作,0,2024-05-27
10841,error,error,error,error,-1.0,-1.0,2024-05-27 02:45:48,False,False,未工作,0,2024-05-27
10842,error,error,error,error,-1.0,-1.0,2024-05-27 02:46:49,False,False,未工作,0,2024-05-27
10843,error,error,error,error,-1.0,-1.0,2024-05-27 02:47:48,False,False,未工作,0,2024-05-27
10844,error,error,error,error,-1.0,-1.0,2024-05-27 02:48:48,False,False,未工作,0,2024-05-27
10845,error,error,error,error,-1.0,-1.0,2024-05-27 02:49:48,False,False,未工作,0,2024-05-27
10846,error,error,error,error,-1.0,-1.0,2024-05-27 02:50:48,False,False,未工作,0,2024-05-27
10847,error,error,error,error,-1.0,-1.0,2024-05-27 02:51:48,False,False,未工作,0,2024-05-27
10848,error,error,error,error,-1.0,-1.0,2024-05-27 02:52:48,False,False,未工作,0,2024-05-27
10849,error,error,error,error,-1.0,-1.0,2024-05-27 02:53:48,False,False,未工作,0,2024-05-27
10850,error,error,error,error,-1.0,-1.0,2024-05-27 02:54:48,False,False,未工作,0,2024-05-27
10851,error,error,error,error,-1.0,-1.0,2024-05-27 02:55:49,False,False,未工作,0,2024-05-27
10852,error,error,error,error,-1.0,-1.0,2024-05-27 02:56:48,False,False,未工作,0,2024-05-27
10853,error,error,error,error,-1.0,-1.0,2024-05-27 02:57:48,False,False,未工作,0,2024-05-27
10854,error,error,error,error,-1.0,-1.0,2024-05-27 02:58:48,False,False,未工作,0,2024-05-27
10855,error,error,error,error,-1.0,-1.0,2024-05-27 03:00:49,False,False,未工作,0,2024-05-27
10856,error,error,error,error,-1.0,-1.0,2024-05-27 03:01:49,False,False,未工作,0,2024-05-27
10857,error,error,error,error,-1.0,-1.0,2024-05-27 03:02:48,False,False,未工作,0,2024-05-27
10858,error,error,error,error,-1.0,-1.0,2024-05-27 03:03:49,False,False,未工作,0,2024-05-27
10859,error,error,error,error,-1.0,-1.0,2024-05-27 03:04:48,False,False,未工作,0,2024-05-27
10860,error,error,error,error,-1.0,-1.0,2024-05-27 03:05:48,False,False,未工作,0,2024-05-27
10861,error,error,error,error,-1.0,-1.0,2024-05-27 03:06:48,False,False,未工作,0,2024-05-27
10862,error,error,error,error,-1.0,-1.0,2024-05-27 03:07:49,False,False,未工作,0,2024-05-27
10863,error,error,error,error,-1.0,-1.0,2024-05-27 03:08:48,False,False,未工作,0,2024-05-27
10864,error,error,error,error,-1.0,-1.0,2024-05-27 03:09:48,False,False,未工作,0,2024-05-27
10865,error,error,error,error,-1.0,-1.0,2024-05-27 03:10:48,False,False,未工作,0,2024-05-27
10866,error,error,error,error,-1.0,-1.0,2024-05-27 03:11:48,False,False,未工作,0,2024-05-27
10867,error,error,error,error,-1.0,-1.0,2024-05-27 03:12:48,False,False,未工作,0,2024-05-27
10868,error,error,error,error,-1.0,-1.0,2024-05-27 03:13:48,False,False,未工作,0,2024-05-27
10869,error,error,error,error,-1.0,-1.0,2024-05-27 03:14:48,False,False,未工作,0,2024-05-27
10870,error,error,error,error,-1.0,-1.0,2024-05-27 03:15:48,False,False,未工作,0,2024-05-27
10871,error,error,error,error,-1.0,-1.0,2024-05-27 03:16:48,False,False,未工作,0,2024-05-27
10872,error,error,error,error,-1.0,-1.0,2024-05-27 03:17:48,False,False,未工作,0,2024-05-27
10873,error,error,error,error,-1.0,-1.0,2024-05-27 03:18:48,False,False,未工作,0,2024-05-27
10874,error,error,error,error,-1.0,-1.0,2024-05-27 03:19:49,False,False,未工作,0,2024-05-27
10875,error,error,error,error,-1.0,-1.0,2024-05-27 03:20:49,False,False,未工作,0,2024-05-27
10876,error,error,error,error,-1.0,-1.0,2024-05-27 03:21:48,False,False,未工作,0,2024-05-27
10877,error,error,error,error,-1.0,-1.0,2024-05-27 03:22:48,False,False,未工作,0,2024-05-27
10878,error,error,error,error,-1.0,-1.0,2024-05-27 03:23:48,False,False,未工作,0,2024-05-27
10879,error,error,error,error,-1.0,-1.0,2024-05-27 03:24:48,False,False,未工作,0,2024-05-27
10880,error,error,error,error,-1.0,-1.0,2024-05-27 03:25:48,False,False,未工作,0,2024-05-27
10881,error,error,error,error,-1.0,-1.0,2024-05-27 03:26:48,False,False,未工作,0,2024-05-27
10882,error,error,error,error,-1.0,-1.0,2024-05-27 03:27:48,False,False,未工作,0,2024-05-27
10883,error,error,error,error,-1.0,-1.0,2024-05-27 03:28:48,False,False,未工作,0,2024-05-27
10884,error,error,error,error,-1.0,-1.0,2024-05-27 03:29:48,False,False,未工作,0,2024-05-27
10885,error,error,error,error,-1.0,-1.0,2024-05-27 03:30:48,False,False,未工作,0,2024-05-27
10886,error,error,error,error,-1.0,-1.0,2024-05-27 03:31:48,False,False,未工作,0,2024-05-27
10887,error,error,error,error,-1.0,-1.0,2024-05-27 03:32:48,False,False,未工作,0,2024-05-27
10888,error,error,error,error,-1.0,-1.0,2024-05-27 03:33:48,False,False,未工作,0,2024-05-27
10889,error,error,error,error,-1.0,-1.0,2024-05-27 03:34:48,False,False,未工作,0,2024-05-27
10890,error,error,error,error,-1.0,-1.0,2024-05-27 03:35:48,False,False,未工作,0,2024-05-27
10891,error,error,error,error,-1.0,-1.0,2024-05-27 03:36:48,False,False,未工作,0,2024-05-27
10892,error,error,error,error,-1.0,-1.0,2024-05-27 03:37:48,False,False,未工作,0,2024-05-27
10893,error,error,error,error,-1.0,-1.0,2024-05-27 03:38:48,False,False,未工作,0,2024-05-27
10894,error,error,error,error,-1.0,-1.0,2024-05-27 03:39:48,False,False,未工作,0,2024-05-27
10895,error,error,error,error,-1.0,-1.0,2024-05-27 03:40:48,False,False,未工作,0,2024-05-27
10896,error,error,error,error,-1.0,-1.0,2024-05-27 03:41:48,False,False,未工作,0,2024-05-27
10897,error,error,error,error,-1.0,-1.0,2024-05-27 03:42:48,False,False,未工作,0,2024-05-27
10898,error,error,error,error,-1.0,-1.0,2024-05-27 03:43:48,False,False,未工作,0,2024-05-27
10899,error,error,error,error,-1.0,-1.0,2024-05-27 03:44:48,False,False,未工作,0,2024-05-27
10900,error,error,error,error,-1.0,-1.0,2024-05-27 03:45:48,False,False,未工作,0,2024-05-27
10901,error,error,error,error,-1.0,-1.0,2024-05-27 03:46:48,False,False,未工作,0,2024-05-27
10902,error,error,error,error,-1.0,-1.0,2024-05-27 03:47:48,False,False,未工作,0,2024-05-27
10903,error,error,error,error,-1.0,-1.0,2024-05-27 03:48:48,False,False,未工作,0,2024-05-27
10904,error,error,error,error,-1.0,-1.0,2024-05-27 03:49:49,False,False,未工作,0,2024-05-27
10905,error,error,error,error,-1.0,-1.0,2024-05-27 03:50:48,False,False,未工作,0,2024-05-27
10906,error,error,error,error,-1.0,-1.0,2024-05-27 03:51:48,False,False,未工作,0,2024-05-27
10907,error,error,error,error,-1.0,-1.0,2024-05-27 03:52:48,False,False,未工作,0,2024-05-27
10908,error,error,error,error,-1.0,-1.0,2024-05-27 03:53:49,False,False,未工作,0,2024-05-27
10909,error,error,error,error,-1.0,-1.0,2024-05-27 03:54:48,False,False,未工作,0,2024-05-27
10910,error,error,error,error,-1.0,-1.0,2024-05-27 03:55:48,False,False,未工作,0,2024-05-27
10911,error,error,error,error,-1.0,-1.0,2024-05-27 03:56:48,False,False,未工作,0,2024-05-27
10912,error,error,error,error,-1.0,-1.0,2024-05-27 03:57:48,False,False,未工作,0,2024-05-27
10913,error,error,error,error,-1.0,-1.0,2024-05-27 03:58:48,False,False,未工作,0,2024-05-27
10914,error,error,error,error,-1.0,-1.0,2024-05-27 04:00:48,False,False,未工作,0,2024-05-27
10915,error,error,error,error,-1.0,-1.0,2024-05-27 04:01:48,False,False,未工作,0,2024-05-27
10916,error,error,error,error,-1.0,-1.0,2024-05-27 04:02:48,False,False,未工作,0,2024-05-27
10917,error,error,error,error,-1.0,-1.0,2024-05-27 04:03:48,False,False,未工作,0,2024-05-27
10918,error,error,error,error,-1.0,-1.0,2024-05-27 04:04:48,False,False,未工作,0,2024-05-27
10919,error,error,error,error,-1.0,-1.0,2024-05-27 04:05:48,False,False,未工作,0,2024-05-27
10920,error,error,error,error,-1.0,-1.0,2024-05-27 04:06:48,False,False,未工作,0,2024-05-27
10921,error,error,error,error,-1.0,-1.0,2024-05-27 04:07:48,False,False,未工作,0,2024-05-27
10922,error,error,error,error,-1.0,-1.0,2024-05-27 04:08:48,False,False,未工作,0,2024-05-27
10923,error,error,error,error,-1.0,-1.0,2024-05-27 04:09:48,False,False,未工作,0,2024-05-27
10924,error,error,error,error,-1.0,-1.0,2024-05-27 04:10:48,False,False,未工作,0,2024-05-27
10925,error,error,error,error,-1.0,-1.0,2024-05-27 04:11:48,False,False,未工作,0,2024-05-27
10926,error,error,error,error,-1.0,-1.0,2024-05-27 04:12:48,False,False,未工作,0,2024-05-27
10927,error,error,error,error,-1.0,-1.0,2024-05-27 04:13:48,False,False,未工作,0,2024-05-27
10928,error,error,error,error,-1.0,-1.0,2024-05-27 04:14:48,False,False,未工作,0,2024-05-27
10929,error,error,error,error,-1.0,-1.0,2024-05-27 04:15:48,False,False,未工作,0,2024-05-27
10930,error,error,error,error,-1.0,-1.0,2024-05-27 04:16:48,False,False,未工作,0,2024-05-27
10931,error,error,error,error,-1.0,-1.0,2024-05-27 04:17:48,False,False,未工作,0,2024-05-27
10932,error,error,error,error,-1.0,-1.0,2024-05-27 04:18:49,False,False,未工作,0,2024-05-27
10933,error,error,error,error,-1.0,-1.0,2024-05-27 04:19:48,False,False,未工作,0,2024-05-27
10934,error,error,error,error,-1.0,-1.0,2024-05-27 04:20:48,False,False,未工作,0,2024-05-27
10935,error,error,error,error,-1.0,-1.0,2024-05-27 04:21:48,False,False,未工作,0,2024-05-27
10936,error,error,error,error,-1.0,-1.0,2024-05-27 04:22:48,False,False,未工作,0,2024-05-27
10937,error,error,error,error,-1.0,-1.0,2024-05-27 04:23:48,False,False,未工作,0,2024-05-27
10938,error,error,error,error,-1.0,-1.0,2024-05-27 04:24:48,False,False,未工作,0,2024-05-27
10939,error,error,error,error,-1.0,-1.0,2024-05-27 04:25:48,False,False,未工作,0,2024-05-27
10940,error,error,error,error,-1.0,-1.0,2024-05-27 04:26:48,False,False,未工作,0,2024-05-27
10941,error,error,error,error,-1.0,-1.0,2024-05-27 04:27:48,False,False,未工作,0,2024-05-27
10942,error,error,error,error,-1.0,-1.0,2024-05-27 04:28:48,False,False,未工作,0,2024-05-27
10943,error,error,error,error,-1.0,-1.0,2024-05-27 04:29:48,False,False,未工作,0,2024-05-27
10944,error,error,error,error,-1.0,-1.0,2024-05-27 04:30:48,False,False,未工作,0,2024-05-27
10945,error,error,error,error,-1.0,-1.0,2024-05-27 04:31:48,False,False,未工作,0,2024-05-27
10946,error,error,error,error,-1.0,-1.0,2024-05-27 04:32:48,False,False,未工作,0,2024-05-27
10947,error,error,error,error,-1.0,-1.0,2024-05-27 04:33:48,False,False,未工作,0,2024-05-27
10948,error,error,error,error,-1.0,-1.0,2024-05-27 04:34:48,False,False,未工作,0,2024-05-27
10949,error,error,error,error,-1.0,-1.0,2024-05-27 04:35:48,False,False,未工作,0,2024-05-27
10950,error,error,error,error,-1.0,-1.0,2024-05-27 04:36:48,False,False,未工作,0,2024-05-27
10951,error,error,error,error,-1.0,-1.0,2024-05-27 04:37:48,False,False,未工作,0,2024-05-27
10952,error,error,error,error,-1.0,-1.0,2024-05-27 04:38:48,False,False,未工作,0,2024-05-27
10953,error,error,error,error,-1.0,-1.0,2024-05-27 04:39:48,False,False,未工作,0,2024-05-27
10954,error,error,error,error,-1.0,-1.0,2024-05-27 04:40:48,False,False,未工作,0,2024-05-27
10955,error,error,error,error,-1.0,-1.0,2024-05-27 04:41:48,False,False,未工作,0,2024-05-27
10956,error,error,error,error,-1.0,-1.0,2024-05-27 04:42:48,False,False,未工作,0,2024-05-27
10957,error,error,error,error,-1.0,-1.0,2024-05-27 04:43:48,False,False,未工作,0,2024-05-27
10958,error,error,error,error,-1.0,-1.0,2024-05-27 04:44:48,False,False,未工作,0,2024-05-27
10959,error,error,error,error,-1.0,-1.0,2024-05-27 04:45:48,False,False,未工作,0,2024-05-27
10960,error,error,error,error,-1.0,-1.0,2024-05-27 04:46:48,False,False,未工作,0,2024-05-27
10961,error,error,error,error,-1.0,-1.0,2024-05-27 04:47:48,False,False,未工作,0,2024-05-27
10962,error,error,error,error,-1.0,-1.0,2024-05-27 04:48:48,False,False,未工作,0,2024-05-27
10963,error,error,error,error,-1.0,-1.0,2024-05-27 04:49:48,False,False,未工作,0,2024-05-27
10964,error,error,error,error,-1.0,-1.0,2024-05-27 04:50:48,False,False,未工作,0,2024-05-27
10965,error,error,error,error,-1.0,-1.0,2024-05-27 04:51:48,False,False,未工作,0,2024-05-27
10966,error,error,error,error,-1.0,-1.0,2024-05-27 04:52:48,False,False,未工作,0,2024-05-27
10967,error,error,error,error,-1.0,-1.0,2024-05-27 04:53:48,False,False,未工作,0,2024-05-27
10968,error,error,error,error,-1.0,-1.0,2024-05-27 04:54:48,False,False,未工作,0,2024-05-27
10969,error,error,error,error,-1.0,-1.0,2024-05-27 04:55:48,False,False,未工作,0,2024-05-27
10970,error,error,error,error,-1.0,-1.0,2024-05-27 04:56:48,False,False,未工作,0,2024-05-27
10971,error,error,error,error,-1.0,-1.0,2024-05-27 04:57:48,False,False,未工作,0,2024-05-27
10972,error,error,error,error,-1.0,-1.0,2024-05-27 04:58:49,False,False,未工作,0,2024-05-27
10973,error,error,error,error,-1.0,-1.0,2024-05-27 05:00:48,False,False,未工作,0,2024-05-27
10974,error,error,error,error,-1.0,-1.0,2024-05-27 05:01:48,False,False,未工作,0,2024-05-27
10975,error,error,error,error,-1.0,-1.0,2024-05-27 05:02:48,False,False,未工作,0,2024-05-27
10976,error,error,error,error,-1.0,-1.0,2024-05-27 05:03:48,False,False,未工作,0,2024-05-27
10977,error,error,error,error,-1.0,-1.0,2024-05-27 05:04:48,False,False,未工作,0,2024-05-27
10978,error,error,error,error,-1.0,-1.0,2024-05-27 05:05:48,False,False,未工作,0,2024-05-27
10979,error,error,error,error,-1.0,-1.0,2024-05-27 05:06:48,False,False,未工作,0,2024-05-27
10980,error,error,error,error,-1.0,-1.0,2024-05-27 05:07:48,False,False,未工作,0,2024-05-27
10981,error,error,error,error,-1.0,-1.0,2024-05-27 05:08:48,False,False,未工作,0,2024-05-27
10982,error,error,error,error,-1.0,-1.0,2024-05-27 05:09:48,False,False,未工作,0,2024-05-27
10983,error,error,error,error,-1.0,-1.0,2024-05-27 05:10:48,False,False,未工作,0,2024-05-27
10984,error,error,error,error,-1.0,-1.0,2024-05-27 05:11:48,False,False,未工作,0,2024-05-27
10985,error,error,error,error,-1.0,-1.0,2024-05-27 05:12:48,False,False,未工作,0,2024-05-27
10986,error,error,error,error,-1.0,-1.0,2024-05-27 05:13:48,False,False,未工作,0,2024-05-27
10987,error,error,error,error,-1.0,-1.0,2024-05-27 05:14:48,False,False,未工作,0,2024-05-27
10988,error,error,error,error,-1.0,-1.0,2024-05-27 05:15:48,False,False,未工作,0,2024-05-27
10989,error,error,error,error,-1.0,-1.0,2024-05-27 05:16:48,False,False,未工作,0,2024-05-27
10990,error,error,error,error,-1.0,-1.0,2024-05-27 05:17:48,False,False,未工作,0,2024-05-27
10991,error,error,error,error,-1.0,-1.0,2024-05-27 05:18:48,False,False,未工作,0,2024-05-27
10992,error,error,error,error,-1.0,-1.0,2024-05-27 05:19:48,False,False,未工作,0,2024-05-27
10993,error,error,error,error,-1.0,-1.0,2024-05-27 05:20:48,False,False,未工作,0,2024-05-27
10994,error,error,error,error,-1.0,-1.0,2024-05-27 05:21:48,False,False,未工作,0,2024-05-27
10995,error,error,error,error,-1.0,-1.0,2024-05-27 05:22:48,False,False,未工作,0,2024-05-27
10996,error,error,error,error,-1.0,-1.0,2024-05-27 05:23:48,False,False,未工作,0,2024-05-27
10997,error,error,error,error,-1.0,-1.0,2024-05-27 05:24:48,False,False,未工作,0,2024-05-27
10998,error,error,error,error,-1.0,-1.0,2024-05-27 05:25:48,False,False,未工作,0,2024-05-27
10999,error,error,error,error,-1.0,-1.0,2024-05-27 05:26:48,False,False,未工作,0,2024-05-27
11000,error,error,error,error,-1.0,-1.0,2024-05-27 05:27:48,False,False,未工作,0,2024-05-27
11001,error,error,error,error,-1.0,-1.0,2024-05-27 05:28:48,False,False,未工作,0,2024-05-27
11002,error,error,error,error,-1.0,-1.0,2024-05-27 05:29:48,False,False,未工作,0,2024-05-27
11003,error,error,error,error,-1.0,-1.0,2024-05-27 05:30:48,False,False,未工作,0,2024-05-27
11004,error,error,error,error,-1.0,-1.0,2024-05-27 05:31:48,False,False,未工作,0,2024-05-27
11005,error,error,error,error,-1.0,-1.0,2024-05-27 05:32:48,False,False,未工作,0,2024-05-27
11006,error,error,error,error,-1.0,-1.0,2024-05-27 05:33:48,False,False,未工作,0,2024-05-27
11007,error,error,error,error,-1.0,-1.0,2024-05-27 05:34:48,False,False,未工作,0,2024-05-27
11008,error,error,error,error,-1.0,-1.0,2024-05-27 05:35:48,False,False,未工作,0,2024-05-27
11009,error,error,error,error,-1.0,-1.0,2024-05-27 05:36:48,False,False,未工作,0,2024-05-27
11010,error,error,error,error,-1.0,-1.0,2024-05-27 05:37:49,False,False,未工作,0,2024-05-27
11011,error,error,error,error,-1.0,-1.0,2024-05-27 05:38:49,False,False,未工作,0,2024-05-27
11012,error,error,error,error,-1.0,-1.0,2024-05-27 05:39:48,False,False,未工作,0,2024-05-27
11013,error,error,error,error,-1.0,-1.0,2024-05-27 05:40:48,False,False,未工作,0,2024-05-27
11014,error,error,error,error,-1.0,-1.0,2024-05-27 05:41:48,False,False,未工作,0,2024-05-27
11015,error,error,error,error,-1.0,-1.0,2024-05-27 05:42:48,False,False,未工作,0,2024-05-27
11016,error,error,error,error,-1.0,-1.0,2024-05-27 05:43:48,False,False,未工作,0,2024-05-27
11017,error,error,error,error,-1.0,-1.0,2024-05-27 05:44:48,False,False,未工作,0,2024-05-27
11018,error,error,error,error,-1.0,-1.0,2024-05-27 05:45:48,False,False,未工作,0,2024-05-27
11019,error,error,error,error,-1.0,-1.0,2024-05-27 05:46:48,False,False,未工作,0,2024-05-27
11020,error,error,error,error,-1.0,-1.0,2024-05-27 05:47:48,False,False,未工作,0,2024-05-27
11021,error,error,error,error,-1.0,-1.0,2024-05-27 05:48:48,False,False,未工作,0,2024-05-27
11022,error,error,error,error,-1.0,-1.0,2024-05-27 05:49:48,False,False,未工作,0,2024-05-27
11023,error,error,error,error,-1.0,-1.0,2024-05-27 05:50:48,False,False,未工作,0,2024-05-27
11024,error,error,error,error,-1.0,-1.0,2024-05-27 05:51:48,False,False,未工作,0,2024-05-27
11025,error,error,error,error,-1.0,-1.0,2024-05-27 05:52:48,False,False,未工作,0,2024-05-27
11026,error,error,error,error,-1.0,-1.0,2024-05-27 05:53:48,False,False,未工作,0,2024-05-27
11027,error,error,error,error,-1.0,-1.0,2024-05-27 05:54:48,False,False,未工作,0,2024-05-27
11028,error,error,error,error,-1.0,-1.0,2024-05-27 05:55:48,False,False,未工作,0,2024-05-27
11029,error,error,error,error,-1.0,-1.0,2024-05-27 05:56:48,False,False,未工作,0,2024-05-27
11030,error,error,error,error,-1.0,-1.0,2024-05-27 05:57:48,False,False,未工作,0,2024-05-27
11031,error,error,error,error,-1.0,-1.0,2024-05-27 05:58:48,False,False,未工作,0,2024-05-27
11032,error,error,error,error,-1.0,-1.0,2024-05-27 06:00:48,False,False,未工作,0,2024-05-27
11033,error,error,error,error,-1.0,-1.0,2024-05-27 06:01:48,False,False,未工作,0,2024-05-27
11034,error,error,error,error,-1.0,-1.0,2024-05-27 06:02:48,False,False,未工作,0,2024-05-27
11035,error,error,error,error,-1.0,-1.0,2024-05-27 06:03:48,False,False,未工作,0,2024-05-27
11036,error,error,error,error,-1.0,-1.0,2024-05-27 06:04:48,False,False,未工作,0,2024-05-27
11037,error,error,error,error,-1.0,-1.0,2024-05-27 06:05:48,False,False,未工作,0,2024-05-27
11038,error,error,error,error,-1.0,-1.0,2024-05-27 06:06:48,False,False,未工作,0,2024-05-27
11039,error,error,error,error,-1.0,-1.0,2024-05-27 06:07:48,False,False,未工作,0,2024-05-27
11040,error,error,error,error,-1.0,-1.0,2024-05-27 06:08:48,False,False,未工作,0,2024-05-27
11041,error,error,error,error,-1.0,-1.0,2024-05-27 06:09:48,False,False,未工作,0,2024-05-27
11042,error,error,error,error,-1.0,-1.0,2024-05-27 06:10:48,False,False,未工作,0,2024-05-27
11043,error,error,error,error,-1.0,-1.0,2024-05-27 06:11:48,False,False,未工作,0,2024-05-27
11044,error,error,error,error,-1.0,-1.0,2024-05-27 06:12:48,False,False,未工作,0,2024-05-27
11045,error,error,error,error,-1.0,-1.0,2024-05-27 06:13:48,False,False,未工作,0,2024-05-27
11046,error,error,error,error,-1.0,-1.0,2024-05-27 06:14:48,False,False,未工作,0,2024-05-27
11047,error,error,error,error,-1.0,-1.0,2024-05-27 06:15:48,False,False,未工作,0,2024-05-27
11048,error,error,error,error,-1.0,-1.0,2024-05-27 06:16:48,False,False,未工作,0,2024-05-27
11049,error,error,error,error,-1.0,-1.0,2024-05-27 06:17:48,False,False,未工作,0,2024-05-27
11050,error,error,error,error,-1.0,-1.0,2024-05-27 06:18:48,False,False,未工作,0,2024-05-27
11051,error,error,error,error,-1.0,-1.0,2024-05-27 06:19:48,False,False,未工作,0,2024-05-27
11052,error,error,error,error,-1.0,-1.0,2024-05-27 06:20:48,False,False,未工作,0,2024-05-27
11053,error,error,error,error,-1.0,-1.0,2024-05-27 06:21:48,False,False,未工作,0,2024-05-27
11054,error,error,error,error,-1.0,-1.0,2024-05-27 06:22:48,False,False,未工作,0,2024-05-27
11055,error,error,error,error,-1.0,-1.0,2024-05-27 06:23:48,False,False,未工作,0,2024-05-27
11056,error,error,error,error,-1.0,-1.0,2024-05-27 06:24:48,False,False,未工作,0,2024-05-27
11057,error,error,error,error,-1.0,-1.0,2024-05-27 06:25:48,False,False,未工作,0,2024-05-27
11058,error,error,error,error,-1.0,-1.0,2024-05-27 06:26:48,False,False,未工作,0,2024-05-27
11059,error,error,error,error,-1.0,-1.0,2024-05-27 06:27:48,False,False,未工作,0,2024-05-27
11060,error,error,error,error,-1.0,-1.0,2024-05-27 06:28:48,False,False,未工作,0,2024-05-27
11061,error,error,error,error,-1.0,-1.0,2024-05-27 06:29:48,False,False,未工作,0,2024-05-27
11062,error,error,error,error,-1.0,-1.0,2024-05-27 06:30:48,False,False,未工作,0,2024-05-27
11063,error,error,error,error,-1.0,-1.0,2024-05-27 06:31:48,False,False,未工作,0,2024-05-27
11064,error,error,error,error,-1.0,-1.0,2024-05-27 06:32:48,False,False,未工作,0,2024-05-27
11065,error,error,error,error,-1.0,-1.0,2024-05-27 06:33:48,False,False,未工作,0,2024-05-27
11066,error,error,error,error,-1.0,-1.0,2024-05-27 06:34:48,False,False,未工作,0,2024-05-27
11067,error,error,error,error,-1.0,-1.0,2024-05-27 06:35:48,False,False,未工作,0,2024-05-27
11068,error,error,error,error,-1.0,-1.0,2024-05-27 06:36:48,False,False,未工作,0,2024-05-27
11069,error,error,error,error,-1.0,-1.0,2024-05-27 06:37:49,False,False,未工作,0,2024-05-27
11070,error,error,error,error,-1.0,-1.0,2024-05-27 06:38:48,False,False,未工作,0,2024-05-27
11071,error,error,error,error,-1.0,-1.0,2024-05-27 06:39:48,False,False,未工作,0,2024-05-27
11072,error,error,error,error,-1.0,-1.0,2024-05-27 06:40:48,False,False,未工作,0,2024-05-27
11073,error,error,error,error,-1.0,-1.0,2024-05-27 06:41:48,False,False,未工作,0,2024-05-27
11074,error,error,error,error,-1.0,-1.0,2024-05-27 06:42:48,False,False,未工作,0,2024-05-27
11075,error,error,error,error,-1.0,-1.0,2024-05-27 06:43:48,False,False,未工作,0,2024-05-27
11076,error,error,error,error,-1.0,-1.0,2024-05-27 06:44:48,False,False,未工作,0,2024-05-27
11077,error,error,error,error,-1.0,-1.0,2024-05-27 06:45:48,False,False,未工作,0,2024-05-27
11078,error,error,error,error,-1.0,-1.0,2024-05-27 06:46:48,False,False,未工作,0,2024-05-27
11079,error,error,error,error,-1.0,-1.0,2024-05-27 06:47:48,False,False,未工作,0,2024-05-27
11080,error,error,error,error,-1.0,-1.0,2024-05-27 06:48:49,False,False,未工作,0,2024-05-27
11081,error,error,error,error,-1.0,-1.0,2024-05-27 06:49:48,False,False,未工作,0,2024-05-27
11082,error,error,error,error,-1.0,-1.0,2024-05-27 06:50:48,False,False,未工作,0,2024-05-27
11083,error,error,error,error,-1.0,-1.0,2024-05-27 06:51:48,False,False,未工作,0,2024-05-27
11084,error,error,error,error,-1.0,-1.0,2024-05-27 06:52:48,False,False,未工作,0,2024-05-27
11085,error,error,error,error,-1.0,-1.0,2024-05-27 06:53:48,False,False,未工作,0,2024-05-27
11086,error,error,error,error,-1.0,-1.0,2024-05-27 06:54:48,False,False,未工作,0,2024-05-27
11087,error,error,error,error,-1.0,-1.0,2024-05-27 06:55:48,False,False,未工作,0,2024-05-27
11088,error,error,error,error,-1.0,-1.0,2024-05-27 06:56:48,False,False,未工作,0,2024-05-27
11089,error,error,error,error,-1.0,-1.0,2024-05-27 06:57:48,False,False,未工作,0,2024-05-27
11090,error,error,error,error,-1.0,-1.0,2024-05-27 06:58:48,False,False,未工作,0,2024-05-27
11091,error,error,error,error,-1.0,-1.0,2024-05-27 07:00:48,False,False,未工作,0,2024-05-27
11092,error,error,error,error,-1.0,-1.0,2024-05-27 07:01:48,False,False,未工作,0,2024-05-27
11093,error,error,error,error,-1.0,-1.0,2024-05-27 07:02:48,False,False,未工作,0,2024-05-27
11094,error,error,error,error,-1.0,-1.0,2024-05-27 07:03:48,False,False,未工作,0,2024-05-27
11095,error,error,error,error,-1.0,-1.0,2024-05-27 07:04:48,False,False,未工作,0,2024-05-27
11096,error,error,error,error,-1.0,-1.0,2024-05-27 07:05:48,False,False,未工作,0,2024-05-27
11097,error,error,error,error,-1.0,-1.0,2024-05-27 07:06:48,False,False,未工作,0,2024-05-27
11098,error,error,error,error,-1.0,-1.0,2024-05-27 07:07:48,False,False,未工作,0,2024-05-27
11099,error,error,error,error,-1.0,-1.0,2024-05-27 07:08:48,False,False,未工作,0,2024-05-27
11100,error,error,error,error,-1.0,-1.0,2024-05-27 07:09:48,False,False,未工作,0,2024-05-27
11101,error,error,error,error,-1.0,-1.0,2024-05-27 07:10:48,False,False,未工作,0,2024-05-27
11102,error,error,error,error,-1.0,-1.0,2024-05-27 07:11:48,False,False,未工作,0,2024-05-27
11103,error,error,error,error,-1.0,-1.0,2024-05-27 07:12:48,False,False,未工作,0,2024-05-27
11104,error,error,error,error,-1.0,-1.0,2024-05-27 07:13:48,False,False,未工作,0,2024-05-27
11105,error,error,error,error,-1.0,-1.0,2024-05-27 07:14:48,False,False,未工作,0,2024-05-27
11106,error,error,error,error,-1.0,-1.0,2024-05-27 07:15:48,False,False,未工作,0,2024-05-27
11107,error,error,error,error,-1.0,-1.0,2024-05-27 07:16:48,False,False,未工作,0,2024-05-27
11108,error,error,error,error,-1.0,-1.0,2024-05-27 07:17:48,False,False,未工作,0,2024-05-27
11109,error,error,error,error,-1.0,-1.0,2024-05-27 07:18:48,False,False,未工作,0,2024-05-27
11110,error,error,error,error,-1.0,-1.0,2024-05-27 07:19:48,False,False,未工作,0,2024-05-27
11111,error,error,error,error,-1.0,-1.0,2024-05-27 07:20:48,False,False,未工作,0,2024-05-27
11112,error,error,error,error,-1.0,-1.0,2024-05-27 07:21:48,False,False,未工作,0,2024-05-27
11113,error,error,error,error,-1.0,-1.0,2024-05-27 07:22:48,False,False,未工作,0,2024-05-27
11114,error,error,error,error,-1.0,-1.0,2024-05-27 07:23:48,False,False,未工作,0,2024-05-27
11115,error,error,error,error,-1.0,-1.0,2024-05-27 07:24:48,False,False,未工作,0,2024-05-27
11116,error,error,error,error,-1.0,-1.0,2024-05-27 07:25:48,False,False,未工作,0,2024-05-27
11117,error,error,error,error,-1.0,-1.0,2024-05-27 07:26:48,False,False,未工作,0,2024-05-27
11118,error,error,error,error,-1.0,-1.0,2024-05-27 07:27:48,False,False,未工作,0,2024-05-27
11119,error,error,error,error,-1.0,-1.0,2024-05-27 07:28:48,False,False,未工作,0,2024-05-27
11120,error,error,error,error,-1.0,-1.0,2024-05-27 07:29:48,False,False,未工作,0,2024-05-27
11121,error,error,error,error,-1.0,-1.0,2024-05-27 07:30:48,False,False,未工作,0,2024-05-27
11122,error,error,error,error,-1.0,-1.0,2024-05-27 07:31:48,False,False,未工作,0,2024-05-27
11123,error,error,error,error,-1.0,-1.0,2024-05-27 07:32:48,False,False,未工作,0,2024-05-27
11124,error,error,error,error,-1.0,-1.0,2024-05-27 07:33:48,False,False,未工作,0,2024-05-27
11125,error,error,error,error,-1.0,-1.0,2024-05-27 07:34:48,False,False,未工作,0,2024-05-27
11126,error,error,error,error,-1.0,-1.0,2024-05-27 07:35:48,False,False,未工作,0,2024-05-27
11127,error,error,error,error,-1.0,-1.0,2024-05-27 07:36:48,False,False,未工作,0,2024-05-27
11128,error,error,error,error,-1.0,-1.0,2024-05-27 07:37:48,False,False,未工作,0,2024-05-27
11129,error,error,error,error,-1.0,-1.0,2024-05-27 07:38:49,False,False,未工作,0,2024-05-27
11130,error,error,error,error,-1.0,-1.0,2024-05-27 07:39:48,False,False,未工作,0,2024-05-27
11131,error,error,error,error,-1.0,-1.0,2024-05-27 07:40:48,False,False,未工作,0,2024-05-27
11132,error,error,error,error,-1.0,-1.0,2024-05-27 07:41:48,False,False,未工作,0,2024-05-27
11133,error,error,error,error,-1.0,-1.0,2024-05-27 07:42:48,False,False,未工作,0,2024-05-27
11134,error,error,error,error,-1.0,-1.0,2024-05-27 07:43:48,False,False,未工作,0,2024-05-27
11135,error,error,error,error,-1.0,-1.0,2024-05-27 07:44:48,False,False,未工作,0,2024-05-27
11136,error,error,error,error,-1.0,-1.0,2024-05-27 07:45:48,False,False,未工作,0,2024-05-27
11137,error,error,error,error,-1.0,-1.0,2024-05-27 07:46:48,False,False,未工作,0,2024-05-27
11138,32.1598,694.063,35.8722,694.496,0.0,0.0,2024-05-27 07:47:48,A架开机,False,未工作,0,2024-05-27
11139,32.1598,694.303,35.8722,694.579,0.0,0.0,2024-05-27 07:48:48,False,False,未工作,0,2024-05-27
11140,32.1598,694.377,35.8722,694.724,0.0,0.0,2024-05-27 07:49:48,False,False,未工作,0,2024-05-27
11141,32.1598,694.519,35.8722,694.727,0.0,0.0,2024-05-27 07:50:48,False,False,未工作,0,2024-05-27
11142,32.1598,694.606,35.8722,694.869,0.0,0.0,2024-05-27 07:51:48,False,False,未工作,0,2024-05-27
11143,32.1598,694.722,35.8722,694.969,0.0,0.0,2024-05-27 07:52:48,False,False,未工作,0,2024-05-27
11144,32.1598,694.703,35.8722,695.006,0.0,0.0,2024-05-27 07:53:48,False,False,未工作,0,2024-05-27
11145,32.1598,694.647,35.8722,694.88,0.0,0.0,2024-05-27 07:54:48,False,False,未工作,0,2024-05-27
11146,32.1598,694.718,35.8722,695.015,0.0,0.0,2024-05-27 07:55:48,False,False,未工作,0,2024-05-27
11147,32.1598,694.758,35.8722,695.028,0.0,0.0,2024-05-27 07:56:48,False,False,未工作,0,2024-05-27
11148,32.1598,694.737,35.8722,695.085,0.0,0.0,2024-05-27 07:57:48,False,False,未工作,0,2024-05-27
11149,32.1598,694.75,35.8722,695.031,0.0,0.0,2024-05-27 07:58:48,False,False,未工作,0,2024-05-27
11150,32.1598,694.582,35.8722,694.304,0.0,56.563,2024-05-27 08:00:48,False,False,未工作,0,2024-05-27
11151,32.1598,694.385,35.8722,693.981,0.0,59.9092,2024-05-27 08:01:48,False,False,未工作,0,2024-05-27
11152,32.1598,694.506,35.8722,694.151,0.0,57.1983,2024-05-27 08:02:48,False,False,未工作,0,2024-05-27
11153,32.1598,693.578,35.8722,693.492,0.0,56.6298,2024-05-27 08:03:48,False,False,未工作,0,2024-05-27
11154,32.1598,694.396,35.8722,693.91,0.0,58.373,2024-05-27 08:04:48,False,False,未工作,0,2024-05-27
11155,32.1598,694.395,35.8722,693.749,0.0,56.8164,2024-05-27 08:05:48,False,False,未工作,0,2024-05-27
11156,32.1598,694.374,35.8722,693.911,0.0,56.4571,2024-05-27 08:06:48,False,False,未工作,0,2024-05-27
11157,24.3771,694.362,26.8371,692.157,0.0,112.496,2024-05-27 08:07:48,False,False,未工作,0,2024-05-27
11158,21.4698,694.357,23.8851,694.066,0.0,56.6113,2024-05-27 08:08:48,False,False,未工作,0,2024-05-27
11159,21.4921,694.232,23.8851,693.972,0.0,57.1532,2024-05-27 08:09:48,False,False,未工作,0,2024-05-27
11160,31.3323,694.568,33.6805,692.966,0.0,77.9126,2024-05-27 08:10:48,False,False,未工作,0,2024-05-27
11161,32.1821,694.741,35.8722,694.984,0.0,0.0,2024-05-27 08:11:48,False,False,未工作,0,2024-05-27
11162,32.1821,695.017,35.8722,694.94,0.0,0.0,2024-05-27 08:12:48,False,False,未工作,0,2024-05-27
11163,32.1821,694.828,35.8722,695.548,0.0,0.0,2024-05-27 08:13:48,False,False,未工作,0,2024-05-27
11164,32.1821,694.913,35.8722,695.043,0.0,0.0,2024-05-27 08:14:48,False,False,未工作,0,2024-05-27
11165,32.1821,694.879,35.8722,695.124,0.0,0.0,2024-05-27 08:15:48,False,False,未工作,0,2024-05-27
11166,32.1821,694.87,35.8722,695.101,0.0,0.0,2024-05-27 08:16:48,False,False,未工作,0,2024-05-27
11167,32.1821,694.985,35.8722,695.066,0.0,0.0,2024-05-27 08:17:48,False,False,未工作,0,2024-05-27
11168,32.1821,694.919,35.8722,695.173,0.0,0.0,2024-05-27 08:18:48,False,False,未工作,0,2024-05-27
11169,32.1821,694.966,35.8722,695.063,0.0,0.0,2024-05-27 08:19:48,False,False,未工作,0,2024-05-27
11170,32.1821,695.107,35.8722,695.183,0.0,0.0,2024-05-27 08:20:48,False,False,未工作,0,2024-05-27
11171,32.1821,695.022,35.8722,695.278,0.0,0.0,2024-05-27 08:21:48,False,False,未工作,0,2024-05-27
11172,32.1821,695.027,35.8722,695.121,0.0,0.0,2024-05-27 08:22:48,False,False,未工作,0,2024-05-27
11173,32.1821,695.012,35.8722,695.279,0.0,0.0,2024-05-27 08:23:48,False,False,未工作,0,2024-05-27
11174,32.1821,695.113,35.8722,695.194,0.0,0.0,2024-05-27 08:24:48,False,False,未工作,0,2024-05-27
11175,32.1821,694.922,35.8722,695.246,0.0,0.0,2024-05-27 08:25:48,False,False,未工作,0,2024-05-27
11176,32.1821,695.074,35.8722,695.249,0.0,0.0,2024-05-27 08:26:48,False,False,未工作,0,2024-05-27
11177,32.1821,695.088,35.8722,695.168,0.0,0.0,2024-05-27 08:27:48,False,False,未工作,0,2024-05-27
11178,32.1821,695.005,35.8722,695.034,0.0,0.0,2024-05-27 08:28:48,False,False,未工作,0,2024-05-27
11179,32.1821,695.082,35.8722,695.189,0.0,0.0,2024-05-27 08:29:48,False,False,未工作,0,2024-05-27
11180,32.1821,695.319,35.8722,695.177,0.0,0.0,2024-05-27 08:30:48,False,False,未工作,0,2024-05-27
11181,32.1821,694.908,35.8722,695.097,0.0,0.0,2024-05-27 08:31:48,False,False,未工作,0,2024-05-27
11182,32.1821,695.123,35.8722,695.197,0.0,0.0,2024-05-27 08:32:48,False,False,未工作,0,2024-05-27
11183,32.1821,695.057,35.8722,695.18,0.0,0.0,2024-05-27 08:33:48,False,False,未工作,0,2024-05-27
11184,32.1821,695.231,35.8722,695.261,0.0,0.0,2024-05-27 08:34:48,False,False,未工作,0,2024-05-27
11185,32.1821,695.277,35.8722,695.271,0.0,0.0,2024-05-27 08:35:48,False,False,未工作,0,2024-05-27
11186,32.1821,695.135,35.8722,695.373,0.0,0.0,2024-05-27 08:36:48,False,False,未工作,0,2024-05-27
11187,32.1821,695.158,35.8722,695.333,0.0,0.0,2024-05-27 08:37:48,False,False,未工作,0,2024-05-27
11188,32.1821,695.054,35.8722,695.315,0.0,0.0,2024-05-27 08:38:48,False,False,未工作,0,2024-05-27
11189,32.1821,695.178,35.8722,695.397,0.0,0.0,2024-05-27 08:39:48,False,False,未工作,0,2024-05-27
11190,32.1821,695.293,35.8722,695.492,0.0,0.0,2024-05-27 08:40:48,False,False,未工作,0,2024-05-27
11191,32.1821,695.24,35.8722,695.487,0.0,0.0,2024-05-27 08:41:48,False,False,未工作,0,2024-05-27
11192,32.1821,695.362,35.8722,695.423,0.0,0.0,2024-05-27 08:42:48,False,False,未工作,0,2024-05-27
11193,32.1821,695.309,35.8722,695.505,0.0,0.0,2024-05-27 08:43:48,False,False,未工作,0,2024-05-27
11194,32.1821,695.252,35.8722,695.483,0.0,0.0,2024-05-27 08:44:48,False,False,未工作,0,2024-05-27
11195,32.1821,695.336,35.8722,695.512,0.0,0.0,2024-05-27 08:45:48,False,False,未工作,0,2024-05-27
11196,32.1821,695.206,35.8722,695.536,0.0,0.0,2024-05-27 08:46:48,False,False,未工作,0,2024-05-27
11197,32.1821,695.229,35.8722,695.291,0.0,0.0,2024-05-27 08:47:48,False,False,未工作,0,2024-05-27
11198,32.1821,695.275,35.8722,695.481,0.0,0.0,2024-05-27 08:48:48,False,False,未工作,0,2024-05-27
11199,32.1821,695.427,35.8722,695.549,0.0,0.0,2024-05-27 08:49:48,False,False,未工作,0,2024-05-27
11200,32.1821,695.38,35.8722,695.602,0.0,0.0,2024-05-27 08:50:48,False,False,未工作,0,2024-05-27
11201,32.1821,695.357,35.8722,695.529,0.0,0.0,2024-05-27 08:51:48,False,False,未工作,0,2024-05-27
11202,32.1821,695.511,35.8722,695.526,0.0,0.0,2024-05-27 08:52:48,False,False,未工作,0,2024-05-27
11203,32.1821,695.478,35.8722,695.461,0.0,0.0,2024-05-27 08:53:48,False,False,未工作,0,2024-05-27
11204,32.1821,695.479,35.8722,695.539,0.0,0.0,2024-05-27 08:54:48,False,False,未工作,0,2024-05-27
11205,32.1821,695.375,35.8722,695.586,0.0,0.0,2024-05-27 08:55:48,False,False,未工作,0,2024-05-27
11206,32.1821,695.24,35.8722,695.527,0.0,0.0,2024-05-27 08:56:48,False,False,未工作,0,2024-05-27
11207,32.1821,695.221,35.8722,695.536,0.0,0.0,2024-05-27 08:57:48,False,False,未工作,0,2024-05-27
11208,32.1821,695.364,35.8722,695.588,0.0,0.0,2024-05-27 08:58:48,False,False,未工作,0,2024-05-27
11209,32.1821,695.206,35.8722,695.359,0.0,0.0,2024-05-27 09:00:48,False,False,未工作,0,2024-05-27
11210,32.1821,694.964,35.8722,695.263,0.0,0.0,2024-05-27 09:01:48,False,False,未工作,0,2024-05-27
11211,32.1821,695.121,35.8722,695.322,0.0,0.0,2024-05-27 09:02:48,False,False,未工作,0,2024-05-27
11212,32.1821,695.014,35.8722,695.328,0.0,0.0,2024-05-27 09:03:48,False,False,未工作,0,2024-05-27
11213,32.1821,695.048,35.8722,695.14,0.0,0.0,2024-05-27 09:04:48,False,False,未工作,0,2024-05-27
11214,32.1821,695.082,35.8722,695.666,0.0,0.0,2024-05-27 09:05:48,False,False,未工作,0,2024-05-27
11215,32.1821,695.109,35.8722,694.953,0.0,0.0,2024-05-27 09:06:48,False,False,未工作,0,2024-05-27
11216,32.1821,695.213,35.8722,695.262,0.0,0.0,2024-05-27 09:07:48,False,False,未工作,0,2024-05-27
11217,32.1821,693.876,35.8722,694.029,55.6858,56.0818,2024-05-27 09:08:48,False,有电流,未工作,0,2024-05-27
11218,32.1821,693.65,35.8722,694.029,57.49,56.0392,2024-05-27 09:09:48,False,False,未工作,0,2024-05-27
11219,32.1821,693.916,35.8722,694.018,55.6023,55.9963,2024-05-27 09:10:48,False,False,未工作,0,2024-05-27
11220,32.1821,693.874,35.8722,694.058,55.5865,56.2171,2024-05-27 09:11:48,False,False,未工作,0,2024-05-27
11221,32.1821,693.775,35.8722,694.122,55.5066,55.9876,2024-05-27 09:12:48,False,False,未工作,0,2024-05-27
11222,32.1821,693.601,35.8722,694.284,62.3856,56.0745,2024-05-27 09:13:48,False,False,未工作,0,2024-05-27
11223,32.1821,694.199,35.8722,694.208,55.4773,55.9026,2024-05-27 09:14:48,False,False,未工作,0,2024-05-27
11224,32.2045,693.975,35.8722,694.271,55.5407,56.0156,2024-05-27 09:15:48,False,False,未工作,0,2024-05-27
11225,14.6711,692.879,17.3101,692.772,90.505,89.1991,2024-05-27 09:16:48,False,False,未工作,0,2024-05-27
11226,-5.38943,692.846,-3.04121,693.007,87.8559,86.8574,2024-05-27 09:17:48,False,False,未工作,0,2024-05-27
11227,-29.2295,692.909,-35.2454,693.169,83.5268,82.9725,2024-05-27 09:18:48,False,False,未工作,0,2024-05-27
11228,-47.3443,693.788,-44.9738,693.967,57.5822,57.012,2024-05-27 09:19:48,False,False,未工作,0,2024-05-27
11229,-47.322,691.699,-44.9514,691.652,112.956,108.98,2024-05-27 09:20:48,False,False,未工作,0,2024-05-27
11230,-47.322,693.836,-44.929,694.161,56.2266,56.1082,2024-05-27 09:21:48,False,False,未工作,0,2024-05-27
11231,-47.3443,693.56,-44.929,693.883,56.223,56.1642,2024-05-27 09:22:48,False,False,未工作,0,2024-05-27
11232,-19.859,692.138,-18.204,692.332,105.776,104.007,2024-05-27 09:23:48,False,False,未工作,0,2024-05-27
11233,8.4539,692.152,10.2207,692.278,100.176,98.6018,2024-05-27 09:24:48,False,False,未工作,0,2024-05-27
11234,31.4441,693.55,33.7029,693.812,57.4672,57.907,2024-05-27 09:25:48,False,False,未工作,0,2024-05-27
11235,31.5112,693.791,34.262,693.909,55.1575,56.0047,2024-05-27 09:26:48,False,False,未工作,0,2024-05-27
11236,31.5112,695.224,34.1054,695.319,0.0,0.0,2024-05-27 09:27:48,False,无电流,未工作,0,2024-05-27
11237,31.5112,697.095,34.1278,697.029,0.0,0.0,2024-05-27 09:28:48,False,False,未工作,0,2024-05-27
11238,31.5112,697.16,34.1278,696.954,0.0,0.0,2024-05-27 09:29:48,False,False,未工作,0,2024-05-27
11239,31.5112,696.954,34.1278,696.931,0.0,0.0,2024-05-27 09:30:48,False,False,未工作,0,2024-05-27
11240,31.5112,697.003,34.1278,696.952,0.0,0.0,2024-05-27 09:31:48,False,False,未工作,0,2024-05-27
11241,31.5112,697.038,34.1278,697.006,0.0,0.0,2024-05-27 09:32:48,False,False,未工作,0,2024-05-27
11242,31.5112,697.1,34.1278,697.144,0.0,0.0,2024-05-27 09:33:48,False,False,未工作,0,2024-05-27
11243,31.5112,697.099,34.1054,697.039,0.0,0.0,2024-05-27 09:34:48,False,False,未工作,0,2024-05-27
11244,31.5112,697.045,34.1278,696.943,0.0,0.0,2024-05-27 09:35:48,False,False,未工作,0,2024-05-27
11245,31.5112,697.11,34.1278,697.117,0.0,0.0,2024-05-27 09:36:48,False,False,未工作,0,2024-05-27
11246,31.5112,696.974,34.1054,696.983,0.0,0.0,2024-05-27 09:37:48,False,False,未工作,0,2024-05-27
11247,31.5112,697.067,34.1278,697.035,0.0,0.0,2024-05-27 09:38:48,False,False,未工作,0,2024-05-27
11248,31.5112,697.051,34.1054,696.956,0.0,0.0,2024-05-27 09:39:48,False,False,未工作,0,2024-05-27
11249,31.5112,696.894,34.1054,697.006,0.0,0.0,2024-05-27 09:40:48,False,False,未工作,0,2024-05-27
